Time,ALL_ST=SALES AREA_FL=BUILDING STORY 1_SCH=C:CALGARY INTL AP ANN HTG 99.6% CONDNS DB:Des Heat Load [W],ALL_ST=SALES AREA_FL=BUILDING STORY 1_SCH=C:CALGARY INTL AP ANN CLG .4% CONDNS DB=>MWB:Des Sens Cool Load [W],ALL_ST=SALES AREA_FL=BUILDING STORY 1_SCH=C:CALGARY INTL AP ANN HTG 99.6% CONDNS DB:Des Heat Mass Flow [kg/s],ALL_ST=SALES AREA_FL=BUILDING STORY 1_SCH=C:CALGARY INTL AP ANN CLG .4% CONDNS DB=>MWB:Des Cool Mass Flow [kg/s],ALL_ST=SALES AREA_FL=BUILDING STORY 1_SCH=C::Des Latent Heat Load [W],ALL_ST=SALES AREA_FL=BUILDING STORY 1_SCH=C::Des Latent Cool Load [W],ALL_ST=SALES AREA_FL=BUILDING STORY 1_SCH=C::Des Latent Heat Mass Flow [kg/s],ALL_ST=SALES AREA_FL=BUILDING STORY 1_SCH=C::Des Latent Cool Mass Flow [kg/s],ALL_ST=SALES AREA_FL=BUILDING STORY 1_SCH=C::Des Heat Load No DOAS [W],ALL_ST=SALES AREA_FL=BUILDING STORY 1_SCH=C::Des Sens Cool Load No DOAS [W],ALL_ST=SALES AREA_FL=BUILDING STORY 1_SCH=C::Des Latent Heat Load No DOAS [W],ALL_ST=SALES AREA_FL=BUILDING STORY 1_SCH=C::Des Latent Cool Load No DOAS [W],ALL_ST=SALES AREA_FL=BUILDING STORY 1_SCH=C:CALGARY INTL AP ANN HTG 99.6% CONDNS DB:Heating Zone Temperature [C],ALL_ST=SALES AREA_FL=BUILDING STORY 1_SCH=C:CALGARY INTL AP ANN HTG 99.6% CONDNS DB:Heating Zone Relative Humidity [%],ALL_ST=SALES AREA_FL=BUILDING STORY 1_SCH=C:CALGARY INTL AP ANN CLG .4% CONDNS DB=>MWB:Cooling Zone Temperature [C],ALL_ST=SALES AREA_FL=BUILDING STORY 1_SCH=C:CALGARY INTL AP ANN CLG .4% CONDNS DB=>MWB:Cooling Zone Relative Humidity [%],ALL_ST=SALES AREA_FL=BUILDING STORY 1_SCH=C 1:CALGARY INTL AP ANN HTG 99.6% CONDNS DB:Des Heat Load [W],ALL_ST=SALES AREA_FL=BUILDING STORY 1_SCH=C 1:CALGARY INTL AP ANN CLG .4% CONDNS DB=>MWB:Des Sens Cool Load [W],ALL_ST=SALES AREA_FL=BUILDING STORY 1_SCH=C 1:CALGARY INTL AP ANN HTG 99.6% CONDNS DB:Des Heat Mass Flow [kg/s],ALL_ST=SALES AREA_FL=BUILDING STORY 1_SCH=C 1:CALGARY INTL AP ANN CLG .4% CONDNS DB=>MWB:Des Cool Mass Flow [kg/s],ALL_ST=SALES AREA_FL=BUILDING STORY 1_SCH=C 1::Des Latent Heat Load [W],ALL_ST=SALES AREA_FL=BUILDING STORY 1_SCH=C 1::Des Latent Cool Load [W],ALL_ST=SALES AREA_FL=BUILDING STORY 1_SCH=C 1::Des Latent Heat Mass Flow [kg/s],ALL_ST=SALES AREA_FL=BUILDING STORY 1_SCH=C 1::Des Latent Cool Mass Flow [kg/s],ALL_ST=SALES AREA_FL=BUILDING STORY 1_SCH=C 1::Des Heat Load No DOAS [W],ALL_ST=SALES AREA_FL=BUILDING STORY 1_SCH=C 1::Des Sens Cool Load No DOAS [W],ALL_ST=SALES AREA_FL=BUILDING STORY 1_SCH=C 1::Des Latent Heat Load No DOAS [W],ALL_ST=SALES AREA_FL=BUILDING STORY 1_SCH=C 1::Des Latent Cool Load No DOAS [W],ALL_ST=SALES AREA_FL=BUILDING STORY 1_SCH=C 1:CALGARY INTL AP ANN HTG 99.6% CONDNS DB:Heating Zone Temperature [C],ALL_ST=SALES AREA_FL=BUILDING STORY 1_SCH=C 1:CALGARY INTL AP ANN HTG 99.6% CONDNS DB:Heating Zone Relative Humidity [%],ALL_ST=SALES AREA_FL=BUILDING STORY 1_SCH=C 1:CALGARY INTL AP ANN CLG .4% CONDNS DB=>MWB:Cooling Zone Temperature [C],ALL_ST=SALES AREA_FL=BUILDING STORY 1_SCH=C 1:CALGARY INTL AP ANN CLG .4% CONDNS DB=>MWB:Cooling Zone Relative Humidity [%],ALL_ST=SALES AREA_FL=BUILDING STORY 1_SCH=C 2:CALGARY INTL AP ANN HTG 99.6% CONDNS DB:Des Heat Load [W],ALL_ST=SALES AREA_FL=BUILDING STORY 1_SCH=C 2:CALGARY INTL AP ANN CLG .4% CONDNS DB=>MWB:Des Sens Cool Load [W],ALL_ST=SALES AREA_FL=BUILDING STORY 1_SCH=C 2:CALGARY INTL AP ANN HTG 99.6% CONDNS DB:Des Heat Mass Flow [kg/s],ALL_ST=SALES AREA_FL=BUILDING STORY 1_SCH=C 2:CALGARY INTL AP ANN CLG .4% CONDNS DB=>MWB:Des Cool Mass Flow [kg/s],ALL_ST=SALES AREA_FL=BUILDING STORY 1_SCH=C 2::Des Latent Heat Load [W],ALL_ST=SALES AREA_FL=BUILDING STORY 1_SCH=C 2::Des Latent Cool Load [W],ALL_ST=SALES AREA_FL=BUILDING STORY 1_SCH=C 2::Des Latent Heat Mass Flow [kg/s],ALL_ST=SALES AREA_FL=BUILDING STORY 1_SCH=C 2::Des Latent Cool Mass Flow [kg/s],ALL_ST=SALES AREA_FL=BUILDING STORY 1_SCH=C 2::Des Heat Load No DOAS [W],ALL_ST=SALES AREA_FL=BUILDING STORY 1_SCH=C 2::Des Sens Cool Load No DOAS [W],ALL_ST=SALES AREA_FL=BUILDING STORY 1_SCH=C 2::Des Latent Heat Load No DOAS [W],ALL_ST=SALES AREA_FL=BUILDING STORY 1_SCH=C 2::Des Latent Cool Load No DOAS [W],ALL_ST=SALES AREA_FL=BUILDING STORY 1_SCH=C 2:CALGARY INTL AP ANN HTG 99.6% CONDNS DB:Heating Zone Temperature [C],ALL_ST=SALES AREA_FL=BUILDING STORY 1_SCH=C 2:CALGARY INTL AP ANN HTG 99.6% CONDNS DB:Heating Zone Relative Humidity [%],ALL_ST=SALES AREA_FL=BUILDING STORY 1_SCH=C 2:CALGARY INTL AP ANN CLG .4% CONDNS DB=>MWB:Cooling Zone Temperature [C],ALL_ST=SALES AREA_FL=BUILDING STORY 1_SCH=C 2:CALGARY INTL AP ANN CLG .4% CONDNS DB=>MWB:Cooling Zone Relative Humidity [%]
00:10:00,4.863220E+04,0.000000E+00,2.271053E+00,0.000000E+00,0.000000E+00,0.000000E+00,0.000000E+00,0.000000E+00,0.000000E+00,0.000000E+00,0.000000E+00,0.000000E+00,1.799829E+01,4.866664E+01,2.133039E+01,4.702082E+01,9.665890E+03,0.000000E+00,4.513830E-01,0.000000E+00,0.000000E+00,0.000000E+00,0.000000E+00,0.000000E+00,0.000000E+00,0.000000E+00,0.000000E+00,0.000000E+00,1.799754E+01,4.950416E+01,2.085816E+01,4.717022E+01,1.536983E+04,0.000000E+00,7.177487E-01,0.000000E+00,0.000000E+00,0.000000E+00,0.000000E+00,0.000000E+00,0.000000E+00,0.000000E+00,0.000000E+00,0.000000E+00,1.799785E+01,4.896855E+01,2.097755E+01,4.713353E+01
00:20:00,4.826823E+04,0.000000E+00,2.254056E+00,0.000000E+00,0.000000E+00,0.000000E+00,0.000000E+00,0.000000E+00,0.000000E+00,0.000000E+00,0.000000E+00,0.000000E+00,1.799801E+01,4.873453E+01,2.120525E+01,4.729161E+01,9.549884E+03,0.000000E+00,4.459657E-01,0.000000E+00,0.000000E+00,0.000000E+00,0.000000E+00,0.000000E+00,0.000000E+00,0.000000E+00,0.000000E+00,0.000000E+00,1.799715E+01,4.961899E+01,2.069193E+01,4.755878E+01,1.514266E+04,0.000000E+00,7.071401E-01,0.000000E+00,0.000000E+00,0.000000E+00,0.000000E+00,0.000000E+00,0.000000E+00,0.000000E+00,0.000000E+00,0.000000E+00,1.799738E+01,4.908270E+01,2.082048E+01,4.750158E+01
00:30:00,4.791815E+04,0.000000E+00,2.237708E+00,0.000000E+00,0.000000E+00,0.000000E+00,0.000000E+00,0.000000E+00,0.000000E+00,0.000000E+00,0.000000E+00,0.000000E+00,1.799797E+01,4.885610E+01,2.102657E+01,4.772293E+01,9.444312E+03,0.000000E+00,4.410356E-01,0.000000E+00,0.000000E+00,0.000000E+00,0.000000E+00,0.000000E+00,0.000000E+00,0.000000E+00,0.000000E+00,0.000000E+00,1.799710E+01,4.979942E+01,2.045259E+01,4.817100E+01,1.492894E+04,0.000000E+00,6.971596E-01,0.000000E+00,0.000000E+00,0.000000E+00,0.000000E+00,0.000000E+00,0.000000E+00,0.000000E+00,0.000000E+00,0.000000E+00,1.799732E+01,4.927382E+01,2.058035E+01,4.812118E+01
00:40:00,4.758442E+04,0.000000E+00,2.222123E+00,0.000000E+00,0.000000E+00,0.000000E+00,0.000000E+00,0.000000E+00,0.000000E+00,0.000000E+00,0.000000E+00,0.000000E+00,1.799797E+01,4.899423E+01,2.084976E+01,4.815526E+01,9.347290E+03,0.000000E+00,4.365048E-01,0.000000E+00,0.000000E+00,0.000000E+00,0.000000E+00,0.000000E+00,0.000000E+00,0.000000E+00,0.000000E+00,0.000000E+00,1.799716E+01,4.998324E+01,2.022305E+01,4.876581E+01,1.472734E+04,0.000000E+00,6.877456E-01,0.000000E+00,0.000000E+00,0.000000E+00,0.000000E+00,0.000000E+00,0.000000E+00,0.000000E+00,0.000000E+00,0.000000E+00,1.799738E+01,4.947450E+01,2.034348E+01,4.874269E+01
00:50:00,4.726319E+04,0.000000E+00,2.207122E+00,0.000000E+00,0.000000E+00,0.000000E+00,0.000000E+00,0.000000E+00,0.000000E+00,0.000000E+00,0.000000E+00,0.000000E+00,1.799800E+01,4.912748E+01,2.069937E+01,4.851503E+01,9.256326E+03,0.000000E+00,4.322570E-01,0.000000E+00,0.000000E+00,0.000000E+00,0.000000E+00,0.000000E+00,0.000000E+00,0.000000E+00,0.000000E+00,0.000000E+00,1.799724E+01,5.013964E+01,2.003674E+01,4.924013E+01,1.453402E+04,0.000000E+00,6.787174E-01,0.000000E+00,0.000000E+00,0.000000E+00,0.000000E+00,0.000000E+00,0.000000E+00,0.000000E+00,0.000000E+00,0.000000E+00,1.799745E+01,4.965043E+01,2.014846E+01,4.924814E+01
01:00:00,4.695175E+04,0.000000E+00,2.192578E+00,0.000000E+00,0.000000E+00,0.000000E+00,0.000000E+00,0.000000E+00,0.000000E+00,0.000000E+00,0.000000E+00,0.000000E+00,1.799802E+01,4.924836E+01,2.057627E+01,4.879764E+01,9.169723E+03,0.000000E+00,4.282127E-01,0.000000E+00,0.000000E+00,0.000000E+00,0.000000E+00,0.000000E+00,0.000000E+00,0.000000E+00,0.000000E+00,0.000000E+00,1.799731E+01,5.026326E+01,1.989097E+01,4.959790E+01,1.434647E+04,0.000000E+00,6.699593E-01,0.000000E+00,0.000000E+00,0.000000E+00,0.000000E+00,0.000000E+00,0.000000E+00,0.000000E+00,0.000000E+00,0.000000E+00,1.799752E+01,4.979419E+01,1.999635E+01,4.962985E+01
01:10:00,4.803590E+04,0.000000E+00,2.243207E+00,0.000000E+00,0.000000E+00,0.000000E+00,0.000000E+00,0.000000E+00,0.000000E+00,0.000000E+00,0.000000E+00,0.000000E+00,1.799805E+01,4.935592E+01,2.047326E+01,4.902321E+01,9.347555E+03,0.000000E+00,4.365172E-01,0.000000E+00,0.000000E+00,0.000000E+00,0.000000E+00,0.000000E+00,0.000000E+00,0.000000E+00,0.000000E+00,0.000000E+00,1.799737E+01,5.035915E+01,1.977254E+01,4.987681E+01,1.466227E+04,0.000000E+00,6.847067E-01,0.000000E+00,0.000000E+00,0.000000E+00,0.000000E+00,0.000000E+00,0.000000E+00,0.000000E+00,0.000000E+00,0.000000E+00,1.799758E+01,4.990972E+01,1.987546E+01,4.992051E+01
01:20:00,4.893271E+04,0.000000E+00,2.285086E+00,0.000000E+00,0.000000E+00,0.000000E+00,0.000000E+00,0.000000E+00,0.000000E+00,0.000000E+00,0.000000E+00,0.000000E+00,1.799801E+01,4.946860E+01,2.033104E+01,4.937129E+01,9.485438E+03,0.000000E+00,4.429561E-01,0.000000E+00,0.000000E+00,0.000000E+00,0.000000E+00,0.000000E+00,0.000000E+00,0.000000E+00,0.000000E+00,0.000000E+00,1.799734E+01,5.045371E+01,1.960049E+01,5.032772E+01,1.490638E+04,0.000000E+00,6.961065E-01,0.000000E+00,0.000000E+00,0.000000E+00,0.000000E+00,0.000000E+00,0.000000E+00,0.000000E+00,0.000000E+00,0.000000E+00,1.799753E+01,5.002961E+01,1.969434E+01,5.040349E+01
01:30:00,4.975998E+04,0.000000E+00,2.323719E+00,0.000000E+00,0.000000E+00,0.000000E+00,0.000000E+00,0.000000E+00,0.000000E+00,0.000000E+00,0.000000E+00,0.000000E+00,1.799803E+01,4.958148E+01,2.016782E+01,4.978873E+01,9.609953E+03,0.000000E+00,4.487708E-01,0.000000E+00,0.000000E+00,0.000000E+00,0.000000E+00,0.000000E+00,0.000000E+00,0.000000E+00,0.000000E+00,0.000000E+00,1.799738E+01,5.054323E+01,1.940176E+01,5.087045E+01,1.513462E+04,0.000000E+00,7.067648E-01,0.000000E+00,0.000000E+00,0.000000E+00,0.000000E+00,0.000000E+00,0.000000E+00,0.000000E+00,0.000000E+00,0.000000E+00,1.799756E+01,5.014738E+01,1.948013E+01,5.099893E+01
01:40:00,5.052499E+04,0.000000E+00,2.359443E+00,0.000000E+00,0.000000E+00,0.000000E+00,0.000000E+00,0.000000E+00,0.000000E+00,0.000000E+00,0.000000E+00,0.000000E+00,1.799806E+01,4.968646E+01,2.001415E+01,5.018241E+01,9.723514E+03,0.000000E+00,4.540740E-01,0.000000E+00,0.000000E+00,0.000000E+00,0.000000E+00,0.000000E+00,0.000000E+00,0.000000E+00,0.000000E+00,0.000000E+00,1.799742E+01,5.061989E+01,1.921894E+01,5.137167E+01,1.534874E+04,0.000000E+00,7.167638E-01,0.000000E+00,0.000000E+00,0.000000E+00,0.000000E+00,0.000000E+00,0.000000E+00,0.000000E+00,0.000000E+00,0.000000E+00,1.799761E+01,5.025122E+01,1.928196E+01,5.155311E+01
01:50:00,5.124136E+04,0.000000E+00,2.392897E+00,0.000000E+00,0.000000E+00,0.000000E+00,0.000000E+00,0.000000E+00,0.000000E+00,0.000000E+00,0.000000E+00,0.000000E+00,1.799809E+01,4.977955E+01,1.988254E+01,5.051237E+01,9.829100E+03,0.000000E+00,4.590046E-01,0.000000E+00,0.000000E+00,0.000000E+00,0.000000E+00,0.000000E+00,0.000000E+00,0.000000E+00,0.000000E+00,0.000000E+00,1.799746E+01,5.068110E+01,1.906782E+01,5.177872E+01,1.555299E+04,0.000000E+00,7.263022E-01,0.000000E+00,0.000000E+00,0.000000E+00,0.000000E+00,0.000000E+00,0.000000E+00,0.000000E+00,0.000000E+00,0.000000E+00,1.799766E+01,5.033659E+01,1.911933E+01,5.200099E+01
02:00:00,5.191991E+04,0.000000E+00,2.424584E+00,0.000000E+00,0.000000E+00,0.000000E+00,0.000000E+00,0.000000E+00,0.000000E+00,0.000000E+00,0.000000E+00,0.000000E+00,1.799812E+01,4.986027E+01,1.977215E+01,5.077968E+01,9.928848E+03,0.000000E+00,4.636627E-01,0.000000E+00,0.000000E+00,0.000000E+00,0.000000E+00,0.000000E+00,0.000000E+00,0.000000E+00,0.000000E+00,0.000000E+00,1.799749E+01,5.072833E+01,1.894527E+01,5.209903E+01,1.575024E+04,0.000000E+00,7.355132E-01,0.000000E+00,0.000000E+00,0.000000E+00,0.000000E+00,0.000000E+00,0.000000E+00,0.000000E+00,0.000000E+00,0.000000E+00,1.799770E+01,5.040455E+01,1.899010E+01,5.234619E+01
02:10:00,5.235641E+04,0.000000E+00,2.444968E+00,0.000000E+00,0.000000E+00,0.000000E+00,0.000000E+00,0.000000E+00,0.000000E+00,0.000000E+00,0.000000E+00,0.000000E+00,1.799814E+01,4.992967E+01,1.967795E+01,5.099911E+01,9.984745E+03,0.000000E+00,4.662731E-01,0.000000E+00,0.000000E+00,0.000000E+00,0.000000E+00,0.000000E+00,0.000000E+00,0.000000E+00,0.000000E+00,0.000000E+00,1.799752E+01,5.076449E+01,1.884303E+01,5.235758E+01,1.585048E+04,0.000000E+00,7.401942E-01,0.000000E+00,0.000000E+00,0.000000E+00,0.000000E+00,0.000000E+00,0.000000E+00,0.000000E+00,0.000000E+00,0.000000E+00,1.799773E+01,5.045822E+01,1.888553E+01,5.261495E+01
02:20:00,5.272503E+04,0.000000E+00,2.462182E+00,0.000000E+00,0.000000E+00,0.000000E+00,0.000000E+00,0.000000E+00,0.000000E+00,0.000000E+00,0.000000E+00,0.000000E+00,1.799814E+01,4.999487E+01,1.954914E+01,5.133163E+01,1.002967E+04,0.000000E+00,4.683709E-01,0.000000E+00,0.000000E+00,0.000000E+00,0.000000E+00,0.000000E+00,0.000000E+00,0.000000E+00,0.000000E+00,0.000000E+00,1.799752E+01,5.079734E+01,1.869672E+01,5.276534E+01,1.593003E+04,0.000000E+00,7.439094E-01,0.000000E+00,0.000000E+00,0.000000E+00,0.000000E+00,0.000000E+00,0.000000E+00,0.000000E+00,0.000000E+00,0.000000E+00,1.799773E+01,5.050774E+01,1.873186E+01,5.304999E+01
02:30:00,5.305645E+04,0.000000E+00,2.477659E+00,0.000000E+00,0.000000E+00,0.000000E+00,0.000000E+00,0.000000E+00,0.000000E+00,0.000000E+00,0.000000E+00,0.000000E+00,1.799816E+01,5.005519E+01,1.940199E+01,5.172740E+01,1.006938E+04,0.000000E+00,4.702252E-01,0.000000E+00,0.000000E+00,0.000000E+00,0.000000E+00,0.000000E+00,0.000000E+00,0.000000E+00,0.000000E+00,0.000000E+00,1.799753E+01,5.082670E+01,1.852877E+01,5.325128E+01,1.600267E+04,0.000000E+00,7.473012E-01,0.000000E+00,0.000000E+00,0.000000E+00,0.000000E+00,0.000000E+00,0.000000E+00,0.000000E+00,0.000000E+00,0.000000E+00,1.799775E+01,5.055252E+01,1.855149E+01,5.358071E+01
02:40:00,5.335735E+04,0.000000E+00,2.491711E+00,0.000000E+00,0.000000E+00,0.000000E+00,0.000000E+00,0.000000E+00,0.000000E+00,0.000000E+00,0.000000E+00,0.000000E+00,1.799818E+01,5.010883E+01,1.926327E+01,5.210096E+01,1.010497E+04,0.000000E+00,4.718876E-01,0.000000E+00,0.000000E+00,0.000000E+00,0.000000E+00,0.000000E+00,0.000000E+00,0.000000E+00,0.000000E+00,0.000000E+00,1.799755E+01,5.085118E+01,1.837388E+01,5.370071E+01,1.606970E+04,0.000000E+00,7.504316E-01,0.000000E+00,0.000000E+00,0.000000E+00,0.000000E+00,0.000000E+00,0.000000E+00,0.000000E+00,0.000000E+00,0.000000E+00,1.799777E+01,5.059049E+01,1.838434E+01,5.407465E+01
02:50:00,5.363512E+04,0.000000E+00,2.504682E+00,0.000000E+00,0.000000E+00,0.000000E+00,0.000000E+00,0.000000E+00,0.000000E+00,0.000000E+00,0.000000E+00,0.000000E+00,1.799820E+01,5.015519E+01,1.914407E+01,5.241552E+01,1.013760E+04,0.000000E+00,4.734110E-01,0.000000E+00,0.000000E+00,0.000000E+00,0.000000E+00,0.000000E+00,0.000000E+00,0.000000E+00,0.000000E+00,0.000000E+00,1.799756E+01,5.087053E+01,1.824503E+01,5.406829E+01,1.613285E+04,0.000000E+00,7.533806E-01,0.000000E+00,0.000000E+00,0.000000E+00,0.000000E+00,0.000000E+00,0.000000E+00,0.000000E+00,0.000000E+00,0.000000E+00,1.799779E+01,5.062117E+01,1.824640E+01,5.447573E+01
03:00:00,5.389492E+04,0.000000E+00,2.516814E+00,0.000000E+00,0.000000E+00,0.000000E+00,0.000000E+00,0.000000E+00,0.000000E+00,0.000000E+00,0.000000E+00,0.000000E+00,1.799821E+01,5.019470E+01,1.904377E+01,5.267172E+01,1.016802E+04,0.000000E+00,4.748317E-01,0.000000E+00,0.000000E+00,0.000000E+00,0.000000E+00,0.000000E+00,0.000000E+00,0.000000E+00,0.000000E+00,0.000000E+00,1.799757E+01,5.088544E+01,1.813987E+01,5.436003E+01,1.619322E+04,0.000000E+00,7.561997E-01,0.000000E+00,0.000000E+00,0.000000E+00,0.000000E+00,0.000000E+00,0.000000E+00,0.000000E+00,0.000000E+00,0.000000E+00,1.799780E+01,5.064543E+01,1.813612E+01,5.478681E+01
03:10:00,5.406556E+04,0.000000E+00,2.524783E+00,0.000000E+00,0.000000E+00,0.000000E+00,0.000000E+00,0.000000E+00,0.000000E+00,0.000000E+00,0.000000E+00,0.000000E+00,1.799823E+01,5.022821E+01,1.895808E+01,5.288271E+01,1.018619E+04,0.000000E+00,4.756804E-01,0.000000E+00,0.000000E+00,0.000000E+00,0.000000E+00,0.000000E+00,0.000000E+00,0.000000E+00,0.000000E+00,0.000000E+00,1.799758E+01,5.089684E+01,1.805182E+01,5.459694E+01,1.622486E+04,0.000000E+00,7.576773E-01,0.000000E+00,0.000000E+00,0.000000E+00,0.000000E+00,0.000000E+00,0.000000E+00,0.000000E+00,0.000000E+00,0.000000E+00,1.799782E+01,5.066450E+01,1.804650E+01,5.503021E+01
03:20:00,5.421018E+04,0.000000E+00,2.531536E+00,0.000000E+00,0.000000E+00,0.000000E+00,0.000000E+00,0.000000E+00,0.000000E+00,0.000000E+00,0.000000E+00,0.000000E+00,1.799823E+01,5.025863E+01,1.884151E+01,5.319880E+01,1.020114E+04,0.000000E+00,4.763785E-01,0.000000E+00,0.000000E+00,0.000000E+00,0.000000E+00,0.000000E+00,0.000000E+00,0.000000E+00,0.000000E+00,0.000000E+00,1.799758E+01,5.090716E+01,1.800018E+01,5.471168E+01,1.625085E+04,0.000000E+00,7.588909E-01,0.000000E+00,0.000000E+00,0.000000E+00,0.000000E+00,0.000000E+00,0.000000E+00,0.000000E+00,0.000000E+00,0.000000E+00,1.799782E+01,5.068160E+01,1.800020E+01,5.512433E+01
03:30:00,5.433949E+04,0.000000E+00,2.537575E+00,0.000000E+00,0.000000E+00,0.000000E+00,0.000000E+00,0.000000E+00,0.000000E+00,0.000000E+00,0.000000E+00,0.000000E+00,1.799824E+01,5.028603E+01,1.870824E+01,5.357457E+01,1.021429E+04,0.000000E+00,4.769925E-01,0.000000E+00,0.000000E+00,0.000000E+00,0.000000E+00,0.000000E+00,0.000000E+00,0.000000E+00,0.000000E+00,0.000000E+00,1.799758E+01,5.091639E+01,1.800000E+01,5.465197E+01,1.627440E+04,0.000000E+00,7.599907E-01,0.000000E+00,0.000000E+00,0.000000E+00,0.000000E+00,0.000000E+00,0.000000E+00,0.000000E+00,0.000000E+00,0.000000E+00,1.799782E+01,5.069678E+01,1.800001E+01,5.505870E+01
03:40:00,5.445636E+04,0.000000E+00,2.543033E+00,0.000000E+00,0.000000E+00,0.000000E+00,0.000000E+00,0.000000E+00,0.000000E+00,0.000000E+00,0.000000E+00,0.000000E+00,1.799825E+01,5.031001E+01,1.858212E+01,5.393081E+01,1.022606E+04,0.000000E+00,4.775422E-01,0.000000E+00,0.000000E+00,0.000000E+00,0.000000E+00,0.000000E+00,0.000000E+00,0.000000E+00,0.000000E+00,0.000000E+00,1.799759E+01,5.092410E+01,1.800000E+01,5.459425E+01,1.629607E+04,0.000000E+00,7.610027E-01,0.000000E+00,0.000000E+00,0.000000E+00,0.000000E+00,0.000000E+00,0.000000E+00,0.000000E+00,0.000000E+00,0.000000E+00,1.799783E+01,5.070954E+01,1.800001E+01,5.499414E+01
03:50:00,5.456382E+04,0.000000E+00,2.548051E+00,0.000000E+00,0.000000E+00,0.000000E+00,0.000000E+00,0.000000E+00,0.000000E+00,0.000000E+00,0.000000E+00,0.000000E+00,1.799826E+01,5.033050E+01,1.847320E+01,5.423280E+01,1.023683E+04,0.000000E+00,4.780451E-01,0.000000E+00,0.000000E+00,0.000000E+00,0.000000E+00,0.000000E+00,0.000000E+00,0.000000E+00,0.000000E+00,0.000000E+00,1.799759E+01,5.093021E+01,1.800000E+01,5.453928E+01,1.631644E+04,0.000000E+00,7.619538E-01,0.000000E+00,0.000000E+00,0.000000E+00,0.000000E+00,0.000000E+00,0.000000E+00,0.000000E+00,0.000000E+00,0.000000E+00,1.799784E+01,5.071983E+01,1.800001E+01,5.493179E+01
04:00:00,5.466411E+04,0.000000E+00,2.552734E+00,0.000000E+00,0.000000E+00,0.000000E+00,0.000000E+00,0.000000E+00,0.000000E+00,0.000000E+00,0.000000E+00,0.000000E+00,1.799826E+01,5.034784E+01,1.838120E+01,5.448032E+01,1.024686E+04,0.000000E+00,4.785136E-01,0.000000E+00,0.000000E+00,0.000000E+00,0.000000E+00,0.000000E+00,0.000000E+00,0.000000E+00,0.000000E+00,0.000000E+00,1.799760E+01,5.093492E+01,1.799999E+01,5.448702E+01,1.633588E+04,0.000000E+00,7.628617E-01,0.000000E+00,0.000000E+00,0.000000E+00,0.000000E+00,0.000000E+00,0.000000E+00,0.000000E+00,0.000000E+00,0.000000E+00,1.799784E+01,5.072795E+01,1.800001E+01,5.487184E+01
04:10:00,5.473053E+04,0.000000E+00,2.555836E+00,0.000000E+00,0.000000E+00,0.000000E+00,0.000000E+00,0.000000E+00,0.000000E+00,0.000000E+00,0.000000E+00,0.000000E+00,1.799827E+01,5.036244E+01,1.830243E+01,5.468524E+01,1.025319E+04,0.000000E+00,4.788093E-01,0.000000E+00,0.000000E+00,0.000000E+00,0.000000E+00,0.000000E+00,0.000000E+00,0.000000E+00,0.000000E+00,0.000000E+00,1.799760E+01,5.093854E+01,1.799999E+01,5.443741E+01,1.634683E+04,0.000000E+00,7.633731E-01,0.000000E+00,0.000000E+00,0.000000E+00,0.000000E+00,0.000000E+00,0.000000E+00,0.000000E+00,0.000000E+00,0.000000E+00,1.799785E+01,5.073432E+01,1.800001E+01,5.481431E+01
04:20:00,5.478679E+04,0.000000E+00,2.558464E+00,0.000000E+00,0.000000E+00,0.000000E+00,0.000000E+00,0.000000E+00,0.000000E+00,0.000000E+00,0.000000E+00,0.000000E+00,1.799827E+01,5.037552E+01,1.819672E+01,5.498542E+01,1.025846E+04,0.000000E+00,4.790550E-01,0.000000E+00,0.000000E+00,0.000000E+00,0.000000E+00,0.000000E+00,0.000000E+00,0.000000E+00,0.000000E+00,0.000000E+00,1.799760E+01,5.094189E+01,1.799999E+01,5.439110E+01,1.635585E+04,0.000000E+00,7.637943E-01,0.000000E+00,0.000000E+00,0.000000E+00,0.000000E+00,0.000000E+00,0.000000E+00,0.000000E+00,0.000000E+00,0.000000E+00,1.799785E+01,5.074005E+01,1.800000E+01,5.475906E+01
04:30:00,5.483716E+04,0.000000E+00,2.560816E+00,0.000000E+00,0.000000E+00,0.000000E+00,0.000000E+00,0.000000E+00,0.000000E+00,0.000000E+00,0.000000E+00,0.000000E+00,1.799828E+01,5.038718E+01,1.807673E+01,5.533858E+01,1.026313E+04,0.000000E+00,4.792731E-01,0.000000E+00,0.000000E+00,0.000000E+00,0.000000E+00,0.000000E+00,0.000000E+00,0.000000E+00,0.000000E+00,0.000000E+00,1.799760E+01,5.094495E+01,1.799998E+01,5.434799E+01,1.636405E+04,0.000000E+00,7.641775E-01,0.000000E+00,0.000000E+00,0.000000E+00,0.000000E+00,0.000000E+00,0.000000E+00,0.000000E+00,0.000000E+00,0.000000E+00,1.799785E+01,5.074517E+01,1.800000E+01,5.470620E+01
04:40:00,5.488320E+04,0.000000E+00,2.562965E+00,0.000000E+00,0.000000E+00,0.000000E+00,0.000000E+00,0.000000E+00,0.000000E+00,0.000000E+00,0.000000E+00,0.000000E+00,1.799828E+01,5.039732E+01,1.800014E+01,5.554218E+01,1.026738E+04,0.000000E+00,4.794716E-01,0.000000E+00,0.000000E+00,0.000000E+00,0.000000E+00,0.000000E+00,0.000000E+00,0.000000E+00,0.000000E+00,0.000000E+00,1.799760E+01,5.094754E+01,1.799998E+01,5.430778E+01,1.637169E+04,0.000000E+00,7.645342E-01,0.000000E+00,0.000000E+00,0.000000E+00,0.000000E+00,0.000000E+00,0.000000E+00,0.000000E+00,0.000000E+00,0.000000E+00,1.799785E+01,5.074948E+01,1.800000E+01,5.465580E+01
04:50:00,5.492543E+04,0.000000E+00,2.564938E+00,0.000000E+00,0.000000E+00,0.000000E+00,0.000000E+00,0.000000E+00,0.000000E+00,0.000000E+00,0.000000E+00,0.000000E+00,1.799828E+01,5.040596E+01,1.800002E+01,5.547749E+01,1.027128E+04,0.000000E+00,4.796539E-01,0.000000E+00,0.000000E+00,0.000000E+00,0.000000E+00,0.000000E+00,0.000000E+00,0.000000E+00,0.000000E+00,0.000000E+00,1.799760E+01,5.094961E+01,1.799998E+01,5.427022E+01,1.637888E+04,0.000000E+00,7.648698E-01,0.000000E+00,0.000000E+00,0.000000E+00,0.000000E+00,0.000000E+00,0.000000E+00,0.000000E+00,0.000000E+00,0.000000E+00,1.799785E+01,5.075296E+01,1.800000E+01,5.460786E+01
05:00:00,5.496482E+04,0.000000E+00,2.566777E+00,0.000000E+00,0.000000E+00,0.000000E+00,0.000000E+00,0.000000E+00,0.000000E+00,0.000000E+00,0.000000E+00,0.000000E+00,1.799829E+01,5.041324E+01,1.800001E+01,5.541360E+01,1.027493E+04,0.000000E+00,4.798243E-01,0.000000E+00,0.000000E+00,0.000000E+00,0.000000E+00,0.000000E+00,0.000000E+00,0.000000E+00,0.000000E+00,0.000000E+00,1.799760E+01,5.095121E+01,1.799997E+01,5.423515E+01,1.638575E+04,0.000000E+00,7.651907E-01,0.000000E+00,0.000000E+00,0.000000E+00,0.000000E+00,0.000000E+00,0.000000E+00,0.000000E+00,0.000000E+00,0.000000E+00,1.799786E+01,5.075571E+01,1.799999E+01,5.456231E+01
05:10:00,5.499193E+04,0.000000E+00,2.568043E+00,0.000000E+00,0.000000E+00,0.000000E+00,0.000000E+00,0.000000E+00,0.000000E+00,0.000000E+00,0.000000E+00,0.000000E+00,1.799829E+01,5.041934E+01,1.800001E+01,5.535168E+01,1.027743E+04,0.000000E+00,4.799412E-01,0.000000E+00,0.000000E+00,0.000000E+00,0.000000E+00,0.000000E+00,0.000000E+00,0.000000E+00,0.000000E+00,0.000000E+00,1.799760E+01,5.095244E+01,1.799998E+01,5.420001E+01,1.639004E+04,0.000000E+00,7.653908E-01,0.000000E+00,0.000000E+00,0.000000E+00,0.000000E+00,0.000000E+00,0.000000E+00,0.000000E+00,0.000000E+00,0.000000E+00,1.799786E+01,5.075787E+01,1.799999E+01,5.451876E+01
05:20:00,5.501491E+04,0.000000E+00,2.569116E+00,0.000000E+00,0.000000E+00,0.000000E+00,0.000000E+00,0.000000E+00,0.000000E+00,0.000000E+00,0.000000E+00,0.000000E+00,1.799829E+01,5.042481E+01,1.800001E+01,5.529223E+01,1.027956E+04,0.000000E+00,4.800406E-01,0.000000E+00,0.000000E+00,0.000000E+00,0.000000E+00,0.000000E+00,0.000000E+00,0.000000E+00,0.000000E+00,0.000000E+00,1.799760E+01,5.095365E+01,1.809489E+01,5.383786E+01,1.639366E+04,0.000000E+00,7.655600E-01,0.000000E+00,0.000000E+00,0.000000E+00,0.000000E+00,0.000000E+00,0.000000E+00,0.000000E+00,0.000000E+00,0.000000E+00,1.799786E+01,5.075989E+01,1.799999E+01,5.447640E+01
05:30:00,5.503549E+04,0.000000E+00,2.570077E+00,0.000000E+00,0.000000E+00,0.000000E+00,0.000000E+00,0.000000E+00,0.000000E+00,0.000000E+00,0.000000E+00,0.000000E+00,1.799829E+01,5.042969E+01,1.800000E+01,5.523517E+01,1.028148E+04,0.000000E+00,4.801300E-01,0.000000E+00,0.000000E+00,0.000000E+00,0.000000E+00,0.000000E+00,0.000000E+00,0.000000E+00,0.000000E+00,0.000000E+00,1.799760E+01,5.095480E+01,1.828315E+01,5.316354E+01,1.639700E+04,0.000000E+00,7.657159E-01,0.000000E+00,0.000000E+00,0.000000E+00,0.000000E+00,0.000000E+00,0.000000E+00,0.000000E+00,0.000000E+00,0.000000E+00,1.799786E+01,5.076173E+01,1.799999E+01,5.443503E+01
05:40:00,5.505430E+04,0.000000E+00,2.570956E+00,0.000000E+00,0.000000E+00,0.000000E+00,0.000000E+00,0.000000E+00,0.000000E+00,0.000000E+00,0.000000E+00,0.000000E+00,1.799829E+01,5.043392E+01,1.800000E+01,5.518063E+01,1.028324E+04,0.000000E+00,4.802124E-01,0.000000E+00,0.000000E+00,0.000000E+00,0.000000E+00,0.000000E+00,0.000000E+00,0.000000E+00,0.000000E+00,0.000000E+00,1.799760E+01,5.095579E+01,1.858754E+01,5.211825E+01,1.640014E+04,0.000000E+00,7.658627E-01,0.000000E+00,0.000000E+00,0.000000E+00,0.000000E+00,0.000000E+00,0.000000E+00,0.000000E+00,0.000000E+00,0.000000E+00,1.799786E+01,5.076330E+01,1.799999E+01,5.439458E+01
05:50:00,5.507223E+04,0.000000E+00,2.571793E+00,0.000000E+00,0.000000E+00,0.000000E+00,0.000000E+00,0.000000E+00,0.000000E+00,0.000000E+00,0.000000E+00,0.000000E+00,1.799829E+01,5.043752E+01,1.800000E+01,5.515445E+01,1.028493E+04,0.000000E+00,4.802913E-01,0.000000E+00,0.000000E+00,0.000000E+00,0.000000E+00,0.000000E+00,0.000000E+00,0.000000E+00,0.000000E+00,0.000000E+00,1.799760E+01,5.095659E+01,1.881766E+01,5.135398E+01,1.640319E+04,0.000000E+00,7.660052E-01,0.000000E+00,0.000000E+00,0.000000E+00,0.000000E+00,0.000000E+00,0.000000E+00,0.000000E+00,0.000000E+00,0.000000E+00,1.799786E+01,5.076458E+01,1.800000E+01,5.437457E+01
06:00:00,5.508935E+04,0.000000E+00,2.572593E+00,0.000000E+00,0.000000E+00,0.000000E+00,0.000000E+00,0.000000E+00,0.000000E+00,0.000000E+00,0.000000E+00,0.000000E+00,1.799830E+01,5.044056E+01,1.800297E+01,5.512685E+01,1.028656E+04,0.000000E+00,4.803672E-01,0.000000E+00,0.000000E+00,0.000000E+00,0.000000E+00,0.000000E+00,0.000000E+00,0.000000E+00,0.000000E+00,0.000000E+00,1.799761E+01,5.095722E+01,1.905183E+01,5.059576E+01,1.640616E+04,0.000000E+00,7.661438E-01,0.000000E+00,0.000000E+00,0.000000E+00,0.000000E+00,0.000000E+00,0.000000E+00,0.000000E+00,0.000000E+00,0.000000E+00,1.799786E+01,5.076560E+01,1.800000E+01,5.436064E+01
06:10:00,5.510178E+04,0.000000E+00,2.573173E+00,0.000000E+00,0.000000E+00,0.000000E+00,0.000000E+00,0.000000E+00,0.000000E+00,0.000000E+00,0.000000E+00,0.000000E+00,1.799830E+01,5.044312E+01,1.804733E+01,5.494430E+01,1.028779E+04,0.000000E+00,4.804248E-01,0.000000E+00,0.000000E+00,0.000000E+00,0.000000E+00,0.000000E+00,0.000000E+00,0.000000E+00,0.000000E+00,0.000000E+00,1.799761E+01,5.095771E+01,1.986122E+01,4.809165E+01,1.640828E+04,0.000000E+00,7.662428E-01,0.000000E+00,0.000000E+00,0.000000E+00,0.000000E+00,0.000000E+00,0.000000E+00,0.000000E+00,0.000000E+00,0.000000E+00,1.799786E+01,5.076640E+01,1.801492E+01,5.428662E+01
06:20:00,5.511294E+04,0.000000E+00,2.573694E+00,0.000000E+00,0.000000E+00,0.000000E+00,0.000000E+00,0.000000E+00,0.000000E+00,0.000000E+00,0.000000E+00,0.000000E+00,1.799830E+01,5.044546E+01,1.812281E+01,5.465959E+01,1.028892E+04,0.000000E+00,4.804775E-01,0.000000E+00,0.000000E+00,0.000000E+00,0.000000E+00,0.000000E+00,0.000000E+00,0.000000E+00,0.000000E+00,0.000000E+00,1.799761E+01,5.095826E+01,2.090326E+01,4.507824E+01,1.641022E+04,0.000000E+00,7.663332E-01,0.000000E+00,0.000000E+00,0.000000E+00,0.000000E+00,0.000000E+00,0.000000E+00,0.000000E+00,0.000000E+00,0.000000E+00,1.799786E+01,5.076723E+01,1.805747E+01,5.412150E+01
06:30:00,5.512335E+04,0.000000E+00,2.574180E+00,0.000000E+00,0.000000E+00,0.000000E+00,0.000000E+00,0.000000E+00,0.000000E+00,0.000000E+00,0.000000E+00,0.000000E+00,1.799830E+01,5.044758E+01,1.819292E+01,5.439910E+01,1.028999E+04,0.000000E+00,4.805274E-01,0.000000E+00,0.000000E+00,0.000000E+00,0.000000E+00,0.000000E+00,0.000000E+00,0.000000E+00,0.000000E+00,0.000000E+00,1.799761E+01,5.095881E+01,2.165095E+01,4.304513E+01,1.641207E+04,0.000000E+00,7.664196E-01,0.000000E+00,0.000000E+00,0.000000E+00,0.000000E+00,0.000000E+00,0.000000E+00,0.000000E+00,0.000000E+00,0.000000E+00,1.799786E+01,5.076803E+01,1.810647E+01,5.393861E+01
06:40:00,5.513310E+04,0.000000E+00,2.574636E+00,0.000000E+00,0.000000E+00,0.000000E+00,0.000000E+00,0.000000E+00,0.000000E+00,0.000000E+00,0.000000E+00,0.000000E+00,1.799830E+01,5.044943E+01,1.833226E+01,5.388349E+01,1.029100E+04,0.000000E+00,4.805748E-01,0.000000E+00,0.000000E+00,0.000000E+00,0.000000E+00,0.000000E+00,0.000000E+00,0.000000E+00,0.000000E+00,0.000000E+00,1.799761E+01,5.095930E+01,2.285193E+01,3.998616E+01,1.641385E+04,0.000000E+00,7.665028E-01,0.000000E+00,0.000000E+00,0.000000E+00,0.000000E+00,0.000000E+00,0.000000E+00,0.000000E+00,0.000000E+00,0.000000E+00,1.799786E+01,5.076873E+01,1.821245E+01,5.354664E+01
06:50:00,5.514234E+04,0.000000E+00,2.575067E+00,0.000000E+00,0.000000E+00,0.000000E+00,0.000000E+00,0.000000E+00,0.000000E+00,0.000000E+00,0.000000E+00,0.000000E+00,1.799830E+01,5.045102E+01,1.847686E+01,5.334989E+01,1.029198E+04,0.000000E+00,4.806204E-01,0.000000E+00,0.000000E+00,0.000000E+00,0.000000E+00,0.000000E+00,0.000000E+00,0.000000E+00,0.000000E+00,0.000000E+00,1.799761E+01,5.095971E+01,2.378955E+01,3.775953E+01,1.641558E+04,0.000000E+00,7.665836E-01,0.000000E+00,0.000000E+00,0.000000E+00,0.000000E+00,0.000000E+00,0.000000E+00,0.000000E+00,0.000000E+00,0.000000E+00,1.799786E+01,5.076931E+01,1.833288E+01,5.310517E+01
07:00:00,5.515117E+04,0.000000E+00,2.575479E+00,0.000000E+00,0.000000E+00,0.000000E+00,0.000000E+00,0.000000E+00,0.000000E+00,0.000000E+00,0.000000E+00,0.000000E+00,1.799830E+01,5.045237E+01,1.852507E+01,5.317312E+01,1.029292E+04,0.000000E+00,4.806645E-01,0.000000E+00,0.000000E+00,0.000000E+00,0.000000E+00,0.000000E+00,0.000000E+00,0.000000E+00,0.000000E+00,0.000000E+00,1.799761E+01,5.096003E+01,2.402382E+01,3.722308E+01,1.641727E+04,0.000000E+00,7.666627E-01,0.000000E+00,0.000000E+00,0.000000E+00,0.000000E+00,0.000000E+00,0.000000E+00,0.000000E+00,0.000000E+00,0.000000E+00,1.799786E+01,5.076978E+01,1.837617E+01,5.294838E+01
07:10:00,6.466414E+04,0.000000E+00,3.019721E+00,0.000000E+00,0.000000E+00,0.000000E+00,0.000000E+00,0.000000E+00,0.000000E+00,0.000000E+00,0.000000E+00,0.000000E+00,1.970716E+01,4.573996E+01,2.018613E+01,4.791142E+01,1.141874E+04,9.833579E+02,5.332383E-01,8.758825E-02,0.000000E+00,0.000000E+00,0.000000E+00,0.000000E+00,0.000000E+00,0.000000E+00,0.000000E+00,0.000000E+00,1.965692E+01,4.627979E+01,2.403547E+01,3.748510E+01,1.848775E+04,0.000000E+00,8.633511E-01,0.000000E+00,0.000000E+00,0.000000E+00,0.000000E+00,0.000000E+00,0.000000E+00,0.000000E+00,0.000000E+00,0.000000E+00,1.968391E+01,4.604494E+01,2.019996E+01,4.728629E+01
07:20:00,6.253925E+04,0.000000E+00,2.920492E+00,0.000000E+00,0.000000E+00,0.000000E+00,0.000000E+00,0.000000E+00,0.000000E+00,0.000000E+00,0.000000E+00,0.000000E+00,1.999955E+01,4.506866E+01,2.034032E+01,4.743781E+01,1.127216E+04,2.088597E+03,5.263936E-01,1.860326E-01,0.000000E+00,0.000000E+00,0.000000E+00,0.000000E+00,0.000000E+00,0.000000E+00,0.000000E+00,0.000000E+00,1.999939E+01,4.543567E+01,2.400085E+01,3.790356E+01,1.795286E+04,0.000000E+00,8.383726E-01,0.000000E+00,0.000000E+00,0.000000E+00,0.000000E+00,0.000000E+00,0.000000E+00,0.000000E+00,0.000000E+00,0.000000E+00,1.999948E+01,4.527475E+01,2.039607E+01,4.671026E+01
07:30:00,6.757979E+04,0.000000E+00,3.155878E+00,0.000000E+00,0.000000E+00,0.000000E+00,0.000000E+00,0.000000E+00,0.000000E+00,0.000000E+00,0.000000E+00,0.000000E+00,1.999895E+01,4.517380E+01,2.011169E+01,4.809061E+01,1.184919E+04,3.287344E+03,5.533398E-01,2.928056E-01,0.000000E+00,0.000000E+00,0.000000E+00,0.000000E+00,0.000000E+00,0.000000E+00,0.000000E+00,0.000000E+00,1.999827E+01,4.551203E+01,2.400041E+01,3.833365E+01,1.896788E+04,0.000000E+00,8.857726E-01,0.000000E+00,0.000000E+00,0.000000E+00,0.000000E+00,0.000000E+00,0.000000E+00,0.000000E+00,0.000000E+00,0.000000E+00,1.999860E+01,4.534818E+01,2.018553E+01,4.730117E+01
07:40:00,7.061512E+04,0.000000E+00,3.297623E+00,0.000000E+00,0.000000E+00,0.000000E+00,0.000000E+00,0.000000E+00,0.000000E+00,0.000000E+00,0.000000E+00,0.000000E+00,1.999797E+01,4.527850E+01,2.000199E+01,4.840695E+01,1.222427E+04,4.545917E+03,5.708557E-01,4.049074E-01,0.000000E+00,0.000000E+00,0.000000E+00,0.000000E+00,0.000000E+00,0.000000E+00,0.000000E+00,0.000000E+00,1.999747E+01,4.556741E+01,2.400111E+01,3.853362E+01,1.957790E+04,0.000000E+00,9.142594E-01,0.000000E+00,0.000000E+00,0.000000E+00,0.000000E+00,0.000000E+00,0.000000E+00,0.000000E+00,0.000000E+00,0.000000E+00,1.999767E+01,4.540510E+01,2.000315E+01,4.782224E+01
07:50:00,7.349620E+04,0.000000E+00,3.432166E+00,0.000000E+00,0.000000E+00,0.000000E+00,0.000000E+00,0.000000E+00,0.000000E+00,0.000000E+00,0.000000E+00,0.000000E+00,1.999820E+01,4.532539E+01,2.000001E+01,4.837732E+01,1.257618E+04,5.863993E+03,5.872894E-01,5.223093E-01,0.000000E+00,0.000000E+00,0.000000E+00,0.000000E+00,0.000000E+00,0.000000E+00,0.000000E+00,0.000000E+00,1.999761E+01,4.557151E+01,2.400113E+01,3.900503E+01,2.016518E+04,0.000000E+00,9.416844E-01,0.000000E+00,0.000000E+00,0.000000E+00,0.000000E+00,0.000000E+00,0.000000E+00,0.000000E+00,0.000000E+00,0.000000E+00,1.999783E+01,4.541696E+01,2.000000E+01,4.780278E+01
08:00:00,7.624507E+04,0.000000E+00,3.560534E+00,0.000000E+00,0.000000E+00,0.000000E+00,0.000000E+00,0.000000E+00,0.000000E+00,0.000000E+00,0.000000E+00,0.000000E+00,1.999826E+01,4.534210E+01,2.004454E+01,4.820575E+01,1.291294E+04,7.231984E+03,6.030155E-01,6.441570E-01,0.000000E+00,0.000000E+00,0.000000E+00,0.000000E+00,0.000000E+00,0.000000E+00,0.000000E+00,0.000000E+00,1.999765E+01,4.555529E+01,2.400088E+01,3.936810E+01,2.073536E+04,0.000000E+00,9.683112E-01,0.000000E+00,0.000000E+00,0.000000E+00,0.000000E+00,0.000000E+00,0.000000E+00,0.000000E+00,0.000000E+00,0.000000E+00,1.999787E+01,4.541131E+01,2.003991E+01,4.765490E+01
08:10:00,7.741321E+04,0.000000E+00,3.615084E+00,0.000000E+00,0.000000E+00,0.000000E+00,0.000000E+00,0.000000E+00,0.000000E+00,0.000000E+00,0.000000E+00,0.000000E+00,2.169553E+01,4.110403E+01,2.243283E+01,4.160403E+01,1.304848E+04,8.190233E+03,6.093450E-01,7.295088E-01,0.000000E+00,0.000000E+00,0.000000E+00,0.000000E+00,0.000000E+00,0.000000E+00,0.000000E+00,0.000000E+00,2.164745E+01,4.136519E+01,2.400021E+01,3.968601E+01,2.089349E+04,0.000000E+00,9.756954E-01,0.000000E+00,0.000000E+00,0.000000E+00,0.000000E+00,0.000000E+00,0.000000E+00,0.000000E+00,0.000000E+00,0.000000E+00,2.167819E+01,4.117711E+01,2.243753E+01,4.116798E+01
08:20:00,7.823246E+04,0.000000E+00,3.653342E+00,0.000000E+00,0.000000E+00,0.000000E+00,0.000000E+00,0.000000E+00,0.000000E+00,0.000000E+00,0.000000E+00,0.000000E+00,2.199961E+01,4.042618E+01,2.262376E+01,4.112694E+01,1.314273E+04,9.133739E+03,6.137464E-01,8.135474E-01,0.000000E+00,0.000000E+00,0.000000E+00,0.000000E+00,0.000000E+00,0.000000E+00,0.000000E+00,0.000000E+00,2.199945E+01,4.054629E+01,2.400015E+01,3.977228E+01,2.098209E+04,0.000000E+00,9.798333E-01,0.000000E+00,0.000000E+00,0.000000E+00,0.000000E+00,0.000000E+00,0.000000E+00,0.000000E+00,0.000000E+00,0.000000E+00,2.199954E+01,4.043293E+01,2.269480E+01,4.054019E+01
08:30:00,7.863429E+04,0.000000E+00,3.672107E+00,0.000000E+00,0.000000E+00,0.000000E+00,0.000000E+00,0.000000E+00,0.000000E+00,0.000000E+00,0.000000E+00,0.000000E+00,2.199907E+01,4.046953E+01,2.242487E+01,4.162934E+01,1.319473E+04,1.005245E+04,6.161749E-01,8.953772E-01,0.000000E+00,0.000000E+00,0.000000E+00,0.000000E+00,0.000000E+00,0.000000E+00,0.000000E+00,0.000000E+00,2.199844E+01,4.057463E+01,2.400019E+01,3.982317E+01,2.101430E+04,0.000000E+00,9.813375E-01,0.000000E+00,0.000000E+00,0.000000E+00,0.000000E+00,0.000000E+00,0.000000E+00,0.000000E+00,0.000000E+00,0.000000E+00,2.199877E+01,4.045727E+01,2.254562E+01,4.090841E+01
08:40:00,7.891854E+04,0.000000E+00,3.685381E+00,0.000000E+00,0.000000E+00,0.000000E+00,0.000000E+00,0.000000E+00,0.000000E+00,0.000000E+00,0.000000E+00,0.000000E+00,2.199831E+01,4.048977E+01,2.220121E+01,4.220389E+01,1.323396E+04,1.096883E+04,6.180068E-01,9.770001E-01,0.000000E+00,0.000000E+00,0.000000E+00,0.000000E+00,0.000000E+00,0.000000E+00,0.000000E+00,0.000000E+00,2.199776E+01,4.056368E+01,2.400023E+01,3.990457E+01,2.103186E+04,0.000000E+00,9.821571E-01,0.000000E+00,0.000000E+00,0.000000E+00,0.000000E+00,0.000000E+00,0.000000E+00,0.000000E+00,0.000000E+00,0.000000E+00,2.199797E+01,4.044668E+01,2.238094E+01,4.131964E+01
08:50:00,7.906588E+04,0.000000E+00,3.692262E+00,0.000000E+00,0.000000E+00,0.000000E+00,0.000000E+00,0.000000E+00,0.000000E+00,0.000000E+00,0.000000E+00,0.000000E+00,2.199848E+01,4.047263E+01,2.234165E+01,4.184731E+01,1.325978E+04,1.187243E+04,6.192125E-01,1.057484E+00,0.000000E+00,0.000000E+00,0.000000E+00,0.000000E+00,0.000000E+00,0.000000E+00,0.000000E+00,0.000000E+00,2.199784E+01,4.052299E+01,2.400029E+01,3.994517E+01,2.103240E+04,0.000000E+00,9.821824E-01,0.000000E+00,0.000000E+00,0.000000E+00,0.000000E+00,0.000000E+00,0.000000E+00,0.000000E+00,0.000000E+00,0.000000E+00,2.199807E+01,4.041117E+01,2.252333E+01,4.096801E+01
09:00:00,7.911750E+04,0.000000E+00,3.694672E+00,0.000000E+00,0.000000E+00,0.000000E+00,0.000000E+00,0.000000E+00,0.000000E+00,0.000000E+00,0.000000E+00,0.000000E+00,2.199851E+01,4.043961E+01,2.255984E+01,4.130191E+01,1.327629E+04,1.276449E+04,6.199833E-01,1.136941E+00,0.000000E+00,0.000000E+00,0.000000E+00,0.000000E+00,0.000000E+00,0.000000E+00,0.000000E+00,0.000000E+00,2.199785E+01,4.047654E+01,2.400027E+01,4.001177E+01,2.102280E+04,0.000000E+00,9.817343E-01,0.000000E+00,0.000000E+00,0.000000E+00,0.000000E+00,0.000000E+00,0.000000E+00,0.000000E+00,0.000000E+00,0.000000E+00,2.199808E+01,4.037171E+01,2.276472E+01,4.038195E+01
09:10:00,6.903106E+04,0.000000E+00,3.223650E+00,0.000000E+00,0.000000E+00,0.000000E+00,0.000000E+00,0.000000E+00,0.000000E+00,0.000000E+00,0.000000E+00,0.000000E+00,2.199851E+01,4.040228E+01,2.306640E+01,4.006937E+01,1.210929E+04,1.343677E+04,5.654861E-01,1.196821E+00,0.000000E+00,0.000000E+00,0.000000E+00,0.000000E+00,0.000000E+00,0.000000E+00,0.000000E+00,0.000000E+00,2.199783E+01,4.043502E+01,2.400012E+01,4.006325E+01,1.883041E+04,1.270684E+02,8.793528E-01,1.131806E-02,0.000000E+00,0.000000E+00,0.000000E+00,0.000000E+00,0.000000E+00,0.000000E+00,0.000000E+00,0.000000E+00,2.199806E+01,4.033666E+01,2.332768E+01,3.905107E+01
09:20:00,7.043886E+04,2.373737E+03,3.289392E+00,2.114301E-01,0.000000E+00,0.000000E+00,0.000000E+00,0.000000E+00,0.000000E+00,0.000000E+00,0.000000E+00,0.000000E+00,2.199875E+01,4.033725E+01,2.379142E+01,3.843079E+01,1.219903E+04,1.407349E+04,5.696769E-01,1.253534E+00,0.000000E+00,0.000000E+00,0.000000E+00,0.000000E+00,0.000000E+00,0.000000E+00,0.000000E+00,0.000000E+00,2.199804E+01,4.037195E+01,2.400006E+01,4.009990E+01,1.921940E+04,9.368836E+02,8.975182E-01,8.344876E-02,0.000000E+00,0.000000E+00,0.000000E+00,0.000000E+00,0.000000E+00,0.000000E+00,0.000000E+00,0.000000E+00,2.199832E+01,4.027338E+01,2.388013E+01,3.794232E+01
09:30:00,6.483394E+04,6.532973E+03,3.027651E+00,5.818957E-01,0.000000E+00,0.000000E+00,0.000000E+00,0.000000E+00,0.000000E+00,0.000000E+00,0.000000E+00,0.000000E+00,2.199878E+01,4.025281E+01,2.400012E+01,3.811055E+01,1.157918E+04,1.468168E+04,5.407311E-01,1.307706E+00,0.000000E+00,0.000000E+00,0.000000E+00,0.000000E+00,0.000000E+00,0.000000E+00,0.000000E+00,0.000000E+00,2.199805E+01,4.029607E+01,2.400004E+01,4.012170E+01,1.808025E+04,1.907804E+03,8.443213E-01,1.699292E-01,0.000000E+00,0.000000E+00,0.000000E+00,0.000000E+00,0.000000E+00,0.000000E+00,0.000000E+00,0.000000E+00,2.199834E+01,4.019264E+01,2.400023E+01,3.791916E+01
09:40:00,6.114565E+04,9.465248E+03,2.855413E+00,8.430752E-01,0.000000E+00,0.000000E+00,0.000000E+00,0.000000E+00,0.000000E+00,0.000000E+00,0.000000E+00,0.000000E+00,2.199877E+01,4.016324E+01,2.400058E+01,3.829587E+01,1.115284E+04,1.526790E+04,5.208214E-01,1.359921E+00,0.000000E+00,0.000000E+00,0.000000E+00,0.000000E+00,0.000000E+00,0.000000E+00,0.000000E+00,0.000000E+00,2.199802E+01,4.022240E+01,2.400007E+01,4.013557E+01,1.733419E+04,2.806129E+03,8.094813E-01,2.499435E-01,0.000000E+00,0.000000E+00,0.000000E+00,0.000000E+00,0.000000E+00,0.000000E+00,0.000000E+00,0.000000E+00,2.199831E+01,4.011256E+01,2.400065E+01,3.817379E+01
09:50:00,5.759492E+04,1.331052E+04,2.689599E+00,1.185576E+00,0.000000E+00,0.000000E+00,0.000000E+00,0.000000E+00,0.000000E+00,0.000000E+00,0.000000E+00,0.000000E+00,2.199875E+01,4.007731E+01,2.400039E+01,3.856286E+01,1.074799E+04,1.583649E+04,5.019157E-01,1.410565E+00,0.000000E+00,0.000000E+00,0.000000E+00,0.000000E+00,0.000000E+00,0.000000E+00,0.000000E+00,0.000000E+00,2.199799E+01,4.015879E+01,2.400006E+01,4.014115E+01,1.660930E+04,3.833199E+03,7.756299E-01,3.414252E-01,0.000000E+00,0.000000E+00,0.000000E+00,0.000000E+00,0.000000E+00,0.000000E+00,0.000000E+00,0.000000E+00,2.199827E+01,4.004250E+01,2.400056E+01,3.851688E+01
10:00:00,5.415623E+04,1.754159E+04,2.529017E+00,1.562440E+00,0.000000E+00,0.000000E+00,0.000000E+00,0.000000E+00,0.000000E+00,0.000000E+00,0.000000E+00,0.000000E+00,2.199873E+01,3.999840E+01,2.400042E+01,3.881020E+01,1.035639E+04,1.638875E+04,4.836282E-01,1.459756E+00,0.000000E+00,0.000000E+00,0.000000E+00,0.000000E+00,0.000000E+00,0.000000E+00,0.000000E+00,0.000000E+00,2.199795E+01,4.010672E+01,2.400005E+01,4.014058E+01,1.589844E+04,4.921802E+03,7.424342E-01,4.383877E-01,0.000000E+00,0.000000E+00,0.000000E+00,0.000000E+00,0.000000E+00,0.000000E+00,0.000000E+00,0.000000E+00,2.199824E+01,3.998433E+01,2.400053E+01,3.881011E+01
10:10:00,5.215200E+04,2.484558E+04,2.435422E+00,2.213010E+00,0.000000E+00,0.000000E+00,0.000000E+00,0.000000E+00,0.000000E+00,0.000000E+00,0.000000E+00,0.000000E+00,2.199871E+01,3.992714E+01,2.400039E+01,3.903477E+01,1.014230E+04,1.662118E+04,4.736308E-01,1.480458E+00,0.000000E+00,0.000000E+00,0.000000E+00,0.000000E+00,0.000000E+00,0.000000E+00,0.000000E+00,0.000000E+00,2.199792E+01,4.006476E+01,2.400005E+01,4.013965E+01,1.554182E+04,6.643557E+03,7.257804E-01,5.917455E-01,0.000000E+00,0.000000E+00,0.000000E+00,0.000000E+00,0.000000E+00,0.000000E+00,0.000000E+00,0.000000E+00,2.199820E+01,3.993672E+01,2.400046E+01,3.905636E+01
10:20:00,5.046362E+04,3.053271E+04,2.356578E+00,2.719566E+00,0.000000E+00,0.000000E+00,0.000000E+00,0.000000E+00,0.000000E+00,0.000000E+00,0.000000E+00,0.000000E+00,2.199878E+01,3.990112E+01,2.400053E+01,3.933786E+01,9.967419E+03,1.679804E+04,4.654640E-01,1.496211E+00,0.000000E+00,0.000000E+00,0.000000E+00,0.000000E+00,0.000000E+00,0.000000E+00,0.000000E+00,0.000000E+00,2.199797E+01,4.006807E+01,2.400005E+01,4.018271E+01,1.524893E+04,7.834510E+03,7.121028E-01,6.978244E-01,0.000000E+00,0.000000E+00,0.000000E+00,0.000000E+00,0.000000E+00,0.000000E+00,0.000000E+00,0.000000E+00,2.199828E+01,3.993352E+01,2.400060E+01,3.936891E+01
10:30:00,4.894074E+04,3.492147E+04,2.285461E+00,3.110476E+00,0.000000E+00,0.000000E+00,0.000000E+00,0.000000E+00,0.000000E+00,0.000000E+00,0.000000E+00,0.000000E+00,2.199880E+01,3.989772E+01,2.400044E+01,3.965231E+01,9.811369E+03,1.694736E+04,4.581766E-01,1.509511E+00,0.000000E+00,0.000000E+00,0.000000E+00,0.000000E+00,0.000000E+00,0.000000E+00,0.000000E+00,0.000000E+00,2.199800E+01,4.009025E+01,2.400001E+01,4.022856E+01,1.497887E+04,8.941727E+03,6.994912E-01,7.964448E-01,0.000000E+00,0.000000E+00,0.000000E+00,0.000000E+00,0.000000E+00,0.000000E+00,0.000000E+00,0.000000E+00,2.199830E+01,3.995073E+01,2.400049E+01,3.968118E+01
10:40:00,4.754510E+04,4.094651E+04,2.220287E+00,3.647129E+00,0.000000E+00,0.000000E+00,0.000000E+00,0.000000E+00,0.000000E+00,0.000000E+00,0.000000E+00,0.000000E+00,2.199881E+01,3.989736E+01,2.400030E+01,3.991473E+01,9.669242E+03,1.706937E+04,4.515395E-01,1.520379E+00,0.000000E+00,0.000000E+00,0.000000E+00,0.000000E+00,0.000000E+00,0.000000E+00,0.000000E+00,0.000000E+00,2.199802E+01,4.011036E+01,2.399995E+01,4.025398E+01,1.472618E+04,1.018529E+04,6.876910E-01,9.072097E-01,0.000000E+00,0.000000E+00,0.000000E+00,0.000000E+00,0.000000E+00,0.000000E+00,0.000000E+00,0.000000E+00,2.199832E+01,3.996883E+01,2.400033E+01,3.993182E+01
10:50:00,4.624363E+04,4.639725E+04,2.159510E+00,4.132630E+00,0.000000E+00,0.000000E+00,0.000000E+00,0.000000E+00,0.000000E+00,0.000000E+00,0.000000E+00,0.000000E+00,2.199882E+01,3.989286E+01,2.400017E+01,4.010614E+01,9.536860E+03,1.716630E+04,4.453575E-01,1.529012E+00,0.000000E+00,0.000000E+00,0.000000E+00,0.000000E+00,0.000000E+00,0.000000E+00,0.000000E+00,0.000000E+00,2.199805E+01,4.012195E+01,2.399990E+01,4.026162E+01,1.448560E+04,1.135206E+04,6.764563E-01,1.011134E+00,0.000000E+00,0.000000E+00,0.000000E+00,0.000000E+00,0.000000E+00,0.000000E+00,0.000000E+00,0.000000E+00,2.199833E+01,3.998102E+01,2.400018E+01,4.010693E+01
11:00:00,4.501246E+04,5.174474E+04,2.102016E+00,4.608934E+00,0.000000E+00,0.000000E+00,0.000000E+00,0.000000E+00,0.000000E+00,0.000000E+00,0.000000E+00,0.000000E+00,2.199883E+01,3.988413E+01,2.400006E+01,4.023564E+01,9.411731E+03,1.724137E+04,4.395142E-01,1.535699E+00,0.000000E+00,0.000000E+00,0.000000E+00,0.000000E+00,0.000000E+00,0.000000E+00,0.000000E+00,0.000000E+00,2.199806E+01,4.012642E+01,2.399988E+01,4.026167E+01,1.425354E+04,1.250064E+04,6.656197E-01,1.113439E+00,0.000000E+00,0.000000E+00,0.000000E+00,0.000000E+00,0.000000E+00,0.000000E+00,0.000000E+00,0.000000E+00,2.199835E+01,3.998761E+01,2.400006E+01,4.022047E+01
11:10:00,4.432845E+04,5.631769E+04,2.070074E+00,5.016249E+00,0.000000E+00,0.000000E+00,0.000000E+00,0.000000E+00,0.000000E+00,0.000000E+00,0.000000E+00,0.000000E+00,2.199883E+01,3.987307E+01,2.399998E+01,4.032036E+01,9.347868E+03,1.705493E+04,4.365318E-01,1.519093E+00,0.000000E+00,0.000000E+00,0.000000E+00,0.000000E+00,0.000000E+00,0.000000E+00,0.000000E+00,0.000000E+00,2.199807E+01,4.012685E+01,2.399988E+01,4.026075E+01,1.414909E+04,1.343036E+04,6.607417E-01,1.196250E+00,0.000000E+00,0.000000E+00,0.000000E+00,0.000000E+00,0.000000E+00,0.000000E+00,0.000000E+00,0.000000E+00,2.199835E+01,3.999070E+01,2.399998E+01,4.029226E+01
11:20:00,4.375577E+04,6.061188E+04,2.043331E+00,5.398735E+00,0.000000E+00,0.000000E+00,0.000000E+00,0.000000E+00,0.000000E+00,0.000000E+00,0.000000E+00,0.000000E+00,2.199886E+01,3.985565E+01,2.399991E+01,4.036852E+01,9.296066E+03,1.682087E+04,4.341127E-01,1.498244E+00,0.000000E+00,0.000000E+00,0.000000E+00,0.000000E+00,0.000000E+00,0.000000E+00,0.000000E+00,0.000000E+00,2.199809E+01,4.012158E+01,2.399989E+01,4.026302E+01,1.406497E+04,1.430142E+04,6.568137E-01,1.273836E+00,0.000000E+00,0.000000E+00,0.000000E+00,0.000000E+00,0.000000E+00,0.000000E+00,0.000000E+00,0.000000E+00,2.199838E+01,3.998719E+01,2.399992E+01,4.033196E+01
11:30:00,4.324351E+04,6.472156E+04,2.019409E+00,5.764787E+00,0.000000E+00,0.000000E+00,0.000000E+00,0.000000E+00,0.000000E+00,0.000000E+00,0.000000E+00,0.000000E+00,2.199886E+01,3.983453E+01,2.399986E+01,4.039303E+01,9.250329E+03,1.655634E+04,4.319769E-01,1.474683E+00,0.000000E+00,0.000000E+00,0.000000E+00,0.000000E+00,0.000000E+00,0.000000E+00,0.000000E+00,0.000000E+00,2.199810E+01,4.011343E+01,2.399989E+01,4.026637E+01,1.398843E+04,1.514309E+04,6.532393E-01,1.348803E+00,0.000000E+00,0.000000E+00,0.000000E+00,0.000000E+00,0.000000E+00,0.000000E+00,0.000000E+00,0.000000E+00,2.199839E+01,3.997988E+01,2.399988E+01,4.035183E+01
11:40:00,4.277959E+04,6.866727E+04,1.997744E+00,6.116234E+00,0.000000E+00,0.000000E+00,0.000000E+00,0.000000E+00,0.000000E+00,0.000000E+00,0.000000E+00,0.000000E+00,2.199886E+01,3.981282E+01,2.399984E+01,4.040462E+01,9.209345E+03,1.626686E+04,4.300630E-01,1.448899E+00,0.000000E+00,0.000000E+00,0.000000E+00,0.000000E+00,0.000000E+00,0.000000E+00,0.000000E+00,0.000000E+00,2.199809E+01,4.010498E+01,2.399988E+01,4.026891E+01,1.391790E+04,1.595935E+04,6.499455E-01,1.421509E+00,0.000000E+00,0.000000E+00,0.000000E+00,0.000000E+00,0.000000E+00,0.000000E+00,0.000000E+00,0.000000E+00,2.199838E+01,3.997178E+01,2.399986E+01,4.036142E+01
11:50:00,4.235179E+04,7.247139E+04,1.977767E+00,6.455069E+00,0.000000E+00,0.000000E+00,0.000000E+00,0.000000E+00,0.000000E+00,0.000000E+00,0.000000E+00,0.000000E+00,2.199886E+01,3.979222E+01,2.399982E+01,4.040973E+01,9.171813E+03,1.595716E+04,4.283103E-01,1.421313E+00,0.000000E+00,0.000000E+00,0.000000E+00,0.000000E+00,0.000000E+00,0.000000E+00,0.000000E+00,0.000000E+00,2.199809E+01,4.009747E+01,2.399988E+01,4.027035E+01,1.385157E+04,1.675418E+04,6.468480E-01,1.492304E+00,0.000000E+00,0.000000E+00,0.000000E+00,0.000000E+00,0.000000E+00,0.000000E+00,0.000000E+00,0.000000E+00,2.199838E+01,3.996436E+01,2.399985E+01,4.036609E+01
12:00:00,4.195165E+04,7.615224E+04,1.959081E+00,6.782924E+00,0.000000E+00,0.000000E+00,0.000000E+00,0.000000E+00,0.000000E+00,0.000000E+00,0.000000E+00,0.000000E+00,2.199885E+01,3.977331E+01,2.399982E+01,4.041162E+01,9.136842E+03,1.563158E+04,4.266772E-01,1.392314E+00,0.000000E+00,0.000000E+00,0.000000E+00,0.000000E+00,0.000000E+00,0.000000E+00,0.000000E+00,0.000000E+00,2.199809E+01,4.009115E+01,2.399988E+01,4.027119E+01,1.378826E+04,1.753041E+04,6.438916E-01,1.561444E+00,0.000000E+00,0.000000E+00,0.000000E+00,0.000000E+00,0.000000E+00,0.000000E+00,0.000000E+00,0.000000E+00,2.199838E+01,3.995800E+01,2.399984E+01,4.036835E+01
12:10:00,4.158518E+04,7.896754E+04,1.941967E+00,7.033685E+00,0.000000E+00,0.000000E+00,0.000000E+00,0.000000E+00,0.000000E+00,0.000000E+00,0.000000E+00,0.000000E+00,2.199885E+01,3.975615E+01,2.399981E+01,4.041184E+01,9.103508E+03,1.525755E+04,4.251206E-01,1.358999E+00,0.000000E+00,0.000000E+00,0.000000E+00,0.000000E+00,0.000000E+00,0.000000E+00,0.000000E+00,0.000000E+00,2.199808E+01,4.008592E+01,2.399988E+01,4.027185E+01,1.372959E+04,1.810349E+04,6.411518E-01,1.612488E+00,0.000000E+00,0.000000E+00,0.000000E+00,0.000000E+00,0.000000E+00,0.000000E+00,0.000000E+00,0.000000E+00,2.199838E+01,3.995265E+01,2.399984E+01,4.036931E+01
12:20:00,4.125241E+04,8.156714E+04,1.926428E+00,7.265232E+00,0.000000E+00,0.000000E+00,0.000000E+00,0.000000E+00,0.000000E+00,0.000000E+00,0.000000E+00,0.000000E+00,2.199887E+01,3.977401E+01,2.399980E+01,4.044005E+01,9.073118E+03,1.487143E+04,4.237014E-01,1.324607E+00,0.000000E+00,0.000000E+00,0.000000E+00,0.000000E+00,0.000000E+00,0.000000E+00,0.000000E+00,0.000000E+00,2.199810E+01,4.011379E+01,2.399989E+01,4.030635E+01,1.367575E+04,1.863545E+04,6.386375E-01,1.659870E+00,0.000000E+00,0.000000E+00,0.000000E+00,0.000000E+00,0.000000E+00,0.000000E+00,0.000000E+00,0.000000E+00,2.199840E+01,3.998103E+01,2.399982E+01,4.039859E+01
12:30:00,4.094053E+04,8.402304E+04,1.911863E+00,7.483980E+00,0.000000E+00,0.000000E+00,0.000000E+00,0.000000E+00,0.000000E+00,0.000000E+00,0.000000E+00,0.000000E+00,2.199888E+01,3.980998E+01,2.399977E+01,4.047397E+01,9.044553E+03,1.448184E+04,4.223675E-01,1.289906E+00,0.000000E+00,0.000000E+00,0.000000E+00,0.000000E+00,0.000000E+00,0.000000E+00,0.000000E+00,0.000000E+00,2.199812E+01,4.015524E+01,2.399986E+01,4.034615E+01,1.362419E+04,1.914534E+04,6.362300E-01,1.705287E+00,0.000000E+00,0.000000E+00,0.000000E+00,0.000000E+00,0.000000E+00,0.000000E+00,0.000000E+00,0.000000E+00,2.199842E+01,4.002483E+01,2.399979E+01,4.043344E+01
12:40:00,4.064509E+04,8.635695E+04,1.898066E+00,7.691863E+00,0.000000E+00,0.000000E+00,0.000000E+00,0.000000E+00,0.000000E+00,0.000000E+00,0.000000E+00,0.000000E+00,2.199890E+01,3.984747E+01,2.399974E+01,4.049771E+01,9.017380E+03,1.409604E+04,4.210985E-01,1.255543E+00,0.000000E+00,0.000000E+00,0.000000E+00,0.000000E+00,0.000000E+00,0.000000E+00,0.000000E+00,0.000000E+00,2.199815E+01,4.019293E+01,2.399982E+01,4.037244E+01,1.357436E+04,1.963662E+04,6.339030E-01,1.749045E+00,0.000000E+00,0.000000E+00,0.000000E+00,0.000000E+00,0.000000E+00,0.000000E+00,0.000000E+00,0.000000E+00,2.199844E+01,4.006693E+01,2.399976E+01,4.045787E+01
12:50:00,4.036217E+04,8.858753E+04,1.884855E+00,7.890542E+00,0.000000E+00,0.000000E+00,0.000000E+00,0.000000E+00,0.000000E+00,0.000000E+00,0.000000E+00,0.000000E+00,2.199891E+01,3.987959E+01,2.399971E+01,4.050932E+01,8.991240E+03,1.372161E+04,4.198778E-01,1.222192E+00,0.000000E+00,0.000000E+00,0.000000E+00,0.000000E+00,0.000000E+00,0.000000E+00,0.000000E+00,0.000000E+00,2.199818E+01,4.022100E+01,2.399978E+01,4.038448E+01,1.352576E+04,2.011487E+04,6.316331E-01,1.791643E+00,0.000000E+00,0.000000E+00,0.000000E+00,0.000000E+00,0.000000E+00,0.000000E+00,0.000000E+00,0.000000E+00,2.199847E+01,4.010087E+01,2.399973E+01,4.047005E+01
13:00:00,4.008885E+04,9.072930E+04,1.872091E+00,8.081311E+00,0.000000E+00,0.000000E+00,0.000000E+00,0.000000E+00,0.000000E+00,0.000000E+00,0.000000E+00,0.000000E+00,2.199893E+01,3.990559E+01,2.399970E+01,4.051316E+01,8.965872E+03,1.336110E+04,4.186932E-01,1.190081E+00,0.000000E+00,0.000000E+00,0.000000E+00,0.000000E+00,0.000000E+00,0.000000E+00,0.000000E+00,0.000000E+00,2.199820E+01,4.024036E+01,2.399977E+01,4.038845E+01,1.347803E+04,2.058789E+04,6.294044E-01,1.833776E+00,0.000000E+00,0.000000E+00,0.000000E+00,0.000000E+00,0.000000E+00,0.000000E+00,0.000000E+00,0.000000E+00,2.199849E+01,4.012667E+01,2.399972E+01,4.047441E+01
13:10:00,3.997014E+04,9.192364E+04,1.866547E+00,8.187692E+00,0.000000E+00,0.000000E+00,0.000000E+00,0.000000E+00,0.000000E+00,0.000000E+00,0.000000E+00,0.000000E+00,2.199894E+01,3.992671E+01,2.399969E+01,4.051365E+01,8.956422E+03,1.317371E+04,4.182519E-01,1.173390E+00,0.000000E+00,0.000000E+00,0.000000E+00,0.000000E+00,0.000000E+00,0.000000E+00,0.000000E+00,0.000000E+00,2.199822E+01,4.025366E+01,2.399976E+01,4.038953E+01,1.346261E+04,2.089153E+04,6.286841E-01,1.860821E+00,0.000000E+00,0.000000E+00,0.000000E+00,0.000000E+00,0.000000E+00,0.000000E+00,0.000000E+00,0.000000E+00,2.199850E+01,4.014632E+01,2.399971E+01,4.047524E+01
13:20:00,3.986981E+04,9.294112E+04,1.861862E+00,8.278319E+00,0.000000E+00,0.000000E+00,0.000000E+00,0.000000E+00,0.000000E+00,0.000000E+00,0.000000E+00,0.000000E+00,2.199895E+01,3.994328E+01,2.399968E+01,4.051098E+01,8.948666E+03,1.301675E+04,4.178897E-01,1.159410E+00,0.000000E+00,0.000000E+00,0.000000E+00,0.000000E+00,0.000000E+00,0.000000E+00,0.000000E+00,0.000000E+00,2.199823E+01,4.026255E+01,2.399977E+01,4.039294E+01,1.345005E+04,2.118087E+04,6.280977E-01,1.886592E+00,0.000000E+00,0.000000E+00,0.000000E+00,0.000000E+00,0.000000E+00,0.000000E+00,0.000000E+00,0.000000E+00,2.199852E+01,4.016098E+01,2.399970E+01,4.047182E+01
13:30:00,3.977996E+04,9.384265E+04,1.857666E+00,8.358619E+00,0.000000E+00,0.000000E+00,0.000000E+00,0.000000E+00,0.000000E+00,0.000000E+00,0.000000E+00,0.000000E+00,2.199896E+01,3.995644E+01,2.399968E+01,4.050751E+01,8.941843E+03,1.287522E+04,4.175710E-01,1.146803E+00,0.000000E+00,0.000000E+00,0.000000E+00,0.000000E+00,0.000000E+00,0.000000E+00,0.000000E+00,0.000000E+00,2.199824E+01,4.026858E+01,2.399977E+01,4.039720E+01,1.343870E+04,2.147143E+04,6.275678E-01,1.912473E+00,0.000000E+00,0.000000E+00,0.000000E+00,0.000000E+00,0.000000E+00,0.000000E+00,0.000000E+00,0.000000E+00,2.199853E+01,4.017207E+01,2.399970E+01,4.046702E+01
13:40:00,3.969828E+04,9.464523E+04,1.853852E+00,8.430105E+00,0.000000E+00,0.000000E+00,0.000000E+00,0.000000E+00,0.000000E+00,0.000000E+00,0.000000E+00,0.000000E+00,2.199897E+01,3.996717E+01,2.399968E+01,4.050479E+01,8.935720E+03,1.274203E+04,4.172851E-01,1.134940E+00,0.000000E+00,0.000000E+00,0.000000E+00,0.000000E+00,0.000000E+00,0.000000E+00,0.000000E+00,0.000000E+00,2.199824E+01,4.027280E+01,2.399976E+01,4.040051E+01,1.342825E+04,2.176725E+04,6.270797E-01,1.938822E+00,0.000000E+00,0.000000E+00,0.000000E+00,0.000000E+00,0.000000E+00,0.000000E+00,0.000000E+00,0.000000E+00,2.199854E+01,4.018067E+01,2.399970E+01,4.046292E+01
13:50:00,3.962277E+04,9.536243E+04,1.850326E+00,8.493987E+00,0.000000E+00,0.000000E+00,0.000000E+00,0.000000E+00,0.000000E+00,0.000000E+00,0.000000E+00,0.000000E+00,2.199897E+01,3.997611E+01,2.399969E+01,4.050312E+01,8.930111E+03,1.260963E+04,4.170232E-01,1.123147E+00,0.000000E+00,0.000000E+00,0.000000E+00,0.000000E+00,0.000000E+00,0.000000E+00,0.000000E+00,0.000000E+00,2.199825E+01,4.027581E+01,2.399976E+01,4.040247E+01,1.341842E+04,2.206852E+04,6.266209E-01,1.965656E+00,0.000000E+00,0.000000E+00,0.000000E+00,0.000000E+00,0.000000E+00,0.000000E+00,0.000000E+00,0.000000E+00,2.199854E+01,4.018747E+01,2.399970E+01,4.045996E+01
14:00:00,3.955196E+04,9.600406E+04,1.847019E+00,8.551137E+00,0.000000E+00,0.000000E+00,0.000000E+00,0.000000E+00,0.000000E+00,0.000000E+00,0.000000E+00,0.000000E+00,2.199898E+01,3.998363E+01,2.399969E+01,4.050226E+01,8.924883E+03,1.247497E+04,4.167790E-01,1.111153E+00,0.000000E+00,0.000000E+00,0.000000E+00,0.000000E+00,0.000000E+00,0.000000E+00,0.000000E+00,0.000000E+00,2.199825E+01,4.027798E+01,2.399976E+01,4.040354E+01,1.340905E+04,2.237113E+04,6.261833E-01,1.992610E+00,0.000000E+00,0.000000E+00,0.000000E+00,0.000000E+00,0.000000E+00,0.000000E+00,0.000000E+00,0.000000E+00,2.199855E+01,4.019287E+01,2.399970E+01,4.045782E+01
14:10:00,3.950486E+04,9.587027E+04,1.844820E+00,8.539220E+00,0.000000E+00,0.000000E+00,0.000000E+00,0.000000E+00,0.000000E+00,0.000000E+00,0.000000E+00,0.000000E+00,2.199898E+01,3.998995E+01,2.399969E+01,4.050190E+01,8.921571E+03,1.237084E+04,4.166244E-01,1.101878E+00,0.000000E+00,0.000000E+00,0.000000E+00,0.000000E+00,0.000000E+00,0.000000E+00,0.000000E+00,0.000000E+00,2.199825E+01,4.027952E+01,2.399976E+01,4.040421E+01,1.340369E+04,2.277361E+04,6.259327E-01,2.028459E+00,0.000000E+00,0.000000E+00,0.000000E+00,0.000000E+00,0.000000E+00,0.000000E+00,0.000000E+00,0.000000E+00,2.199855E+01,4.019716E+01,2.399970E+01,4.045610E+01
14:20:00,3.946479E+04,9.558092E+04,1.842948E+00,8.513448E+00,0.000000E+00,0.000000E+00,0.000000E+00,0.000000E+00,0.000000E+00,0.000000E+00,0.000000E+00,0.000000E+00,2.199898E+01,3.999490E+01,2.399969E+01,4.050322E+01,8.918828E+03,1.226469E+04,4.164963E-01,1.092423E+00,0.000000E+00,0.000000E+00,0.000000E+00,0.000000E+00,0.000000E+00,0.000000E+00,0.000000E+00,0.000000E+00,2.199825E+01,4.028043E+01,2.399976E+01,4.040682E+01,1.339927E+04,2.317975E+04,6.257264E-01,2.064633E+00,0.000000E+00,0.000000E+00,0.000000E+00,0.000000E+00,0.000000E+00,0.000000E+00,0.000000E+00,0.000000E+00,2.199855E+01,4.020035E+01,2.399969E+01,4.044997E+01
14:30:00,3.942853E+04,9.518604E+04,1.841255E+00,8.478276E+00,0.000000E+00,0.000000E+00,0.000000E+00,0.000000E+00,0.000000E+00,0.000000E+00,0.000000E+00,0.000000E+00,2.199899E+01,3.999874E+01,2.399969E+01,4.050530E+01,8.916392E+03,1.215320E+04,4.163825E-01,1.082493E+00,0.000000E+00,0.000000E+00,0.000000E+00,0.000000E+00,0.000000E+00,0.000000E+00,0.000000E+00,0.000000E+00,2.199826E+01,4.028090E+01,2.399976E+01,4.041012E+01,1.339525E+04,2.357855E+04,6.255385E-01,2.100155E+00,0.000000E+00,0.000000E+00,0.000000E+00,0.000000E+00,0.000000E+00,0.000000E+00,0.000000E+00,0.000000E+00,2.199855E+01,4.020270E+01,2.399969E+01,4.044273E+01
14:40:00,3.939573E+04,9.469920E+04,1.839723E+00,8.434913E+00,0.000000E+00,0.000000E+00,0.000000E+00,0.000000E+00,0.000000E+00,0.000000E+00,0.000000E+00,0.000000E+00,2.199899E+01,4.000180E+01,2.399969E+01,4.050729E+01,8.914216E+03,1.203551E+04,4.162809E-01,1.072010E+00,0.000000E+00,0.000000E+00,0.000000E+00,0.000000E+00,0.000000E+00,0.000000E+00,0.000000E+00,0.000000E+00,2.199826E+01,4.028113E+01,2.399976E+01,4.041292E+01,1.339156E+04,2.396707E+04,6.253662E-01,2.134761E+00,0.000000E+00,0.000000E+00,0.000000E+00,0.000000E+00,0.000000E+00,0.000000E+00,0.000000E+00,0.000000E+00,2.199856E+01,4.020446E+01,2.399970E+01,4.043730E+01
14:50:00,3.936547E+04,9.413125E+04,1.838310E+00,8.384325E+00,0.000000E+00,0.000000E+00,0.000000E+00,0.000000E+00,0.000000E+00,0.000000E+00,0.000000E+00,0.000000E+00,2.199899E+01,4.000431E+01,2.399969E+01,4.050900E+01,8.912229E+03,1.191112E+04,4.161881E-01,1.060930E+00,0.000000E+00,0.000000E+00,0.000000E+00,0.000000E+00,0.000000E+00,0.000000E+00,0.000000E+00,0.000000E+00,2.199826E+01,4.028123E+01,2.399976E+01,4.041495E+01,1.338809E+04,2.434304E+04,6.252044E-01,2.168249E+00,0.000000E+00,0.000000E+00,0.000000E+00,0.000000E+00,0.000000E+00,0.000000E+00,0.000000E+00,0.000000E+00,2.199856E+01,4.020583E+01,2.399970E+01,4.043413E+01
15:00:00,3.933707E+04,9.349015E+04,1.836984E+00,8.327222E+00,0.000000E+00,0.000000E+00,0.000000E+00,0.000000E+00,0.000000E+00,0.000000E+00,0.000000E+00,0.000000E+00,2.199899E+01,4.000639E+01,2.399969E+01,4.051052E+01,8.910377E+03,1.177976E+04,4.161016E-01,1.049230E+00,0.000000E+00,0.000000E+00,0.000000E+00,0.000000E+00,0.000000E+00,0.000000E+00,0.000000E+00,0.000000E+00,2.199826E+01,4.028127E+01,2.399976E+01,4.041649E+01,1.338478E+04,2.470504E+04,6.250500E-01,2.200492E+00,0.000000E+00,0.000000E+00,0.000000E+00,0.000000E+00,0.000000E+00,0.000000E+00,0.000000E+00,0.000000E+00,2.199856E+01,4.020690E+01,2.399971E+01,4.043249E+01
15:10:00,3.931752E+04,9.217411E+04,1.836071E+00,8.210001E+00,0.000000E+00,0.000000E+00,0.000000E+00,0.000000E+00,0.000000E+00,0.000000E+00,0.000000E+00,0.000000E+00,2.199899E+01,4.000813E+01,2.399969E+01,4.051202E+01,8.909164E+03,1.159470E+04,4.160450E-01,1.032746E+00,0.000000E+00,0.000000E+00,0.000000E+00,0.000000E+00,0.000000E+00,0.000000E+00,0.000000E+00,0.000000E+00,2.199826E+01,4.028127E+01,2.399976E+01,4.041783E+01,1.338280E+04,2.504667E+04,6.249574E-01,2.230922E+00,0.000000E+00,0.000000E+00,0.000000E+00,0.000000E+00,0.000000E+00,0.000000E+00,0.000000E+00,0.000000E+00,2.199856E+01,4.020775E+01,2.399971E+01,4.043161E+01
15:20:00,3.930097E+04,9.071715E+04,1.835298E+00,8.080229E+00,0.000000E+00,0.000000E+00,0.000000E+00,0.000000E+00,0.000000E+00,0.000000E+00,0.000000E+00,0.000000E+00,2.199899E+01,4.000941E+01,2.399971E+01,4.051824E+01,8.908164E+03,1.139578E+04,4.159983E-01,1.015028E+00,0.000000E+00,0.000000E+00,0.000000E+00,0.000000E+00,0.000000E+00,0.000000E+00,0.000000E+00,0.000000E+00,2.199826E+01,4.028118E+01,2.399977E+01,4.042291E+01,1.338117E+04,2.537047E+04,6.248812E-01,2.259762E+00,0.000000E+00,0.000000E+00,0.000000E+00,0.000000E+00,0.000000E+00,0.000000E+00,0.000000E+00,0.000000E+00,2.199856E+01,4.020833E+01,2.399970E+01,4.042699E+01
15:30:00,3.928612E+04,8.916192E+04,1.834605E+00,7.941704E+00,0.000000E+00,0.000000E+00,0.000000E+00,0.000000E+00,0.000000E+00,0.000000E+00,0.000000E+00,0.000000E+00,2.199899E+01,4.001033E+01,2.399971E+01,4.052646E+01,8.907287E+03,1.118623E+04,4.159573E-01,9.963643E-01,0.000000E+00,0.000000E+00,0.000000E+00,0.000000E+00,0.000000E+00,0.000000E+00,0.000000E+00,0.000000E+00,2.199826E+01,4.028104E+01,2.399977E+01,4.042945E+01,1.337969E+04,2.567635E+04,6.248122E-01,2.287007E+00,0.000000E+00,0.000000E+00,0.000000E+00,0.000000E+00,0.000000E+00,0.000000E+00,0.000000E+00,0.000000E+00,2.199856E+01,4.020871E+01,2.399970E+01,4.042156E+01
15:40:00,3.927210E+04,8.752132E+04,1.833950E+00,7.795575E+00,0.000000E+00,0.000000E+00,0.000000E+00,0.000000E+00,0.000000E+00,0.000000E+00,0.000000E+00,0.000000E+00,2.199899E+01,4.001102E+01,2.399970E+01,4.053392E+01,8.906472E+03,1.096700E+04,4.159193E-01,9.768372E-01,0.000000E+00,0.000000E+00,0.000000E+00,0.000000E+00,0.000000E+00,0.000000E+00,0.000000E+00,0.000000E+00,2.199826E+01,4.028088E+01,2.399977E+01,4.043520E+01,1.337829E+04,2.596435E+04,6.247467E-01,2.312659E+00,0.000000E+00,0.000000E+00,0.000000E+00,0.000000E+00,0.000000E+00,0.000000E+00,0.000000E+00,0.000000E+00,2.199856E+01,4.020898E+01,2.399970E+01,4.041784E+01
15:50:00,3.925886E+04,8.580605E+04,1.833332E+00,7.642794E+00,0.000000E+00,0.000000E+00,0.000000E+00,0.000000E+00,0.000000E+00,0.000000E+00,0.000000E+00,0.000000E+00,2.199899E+01,4.001155E+01,2.399970E+01,4.053985E+01,8.905712E+03,1.073887E+04,4.158838E-01,9.565170E-01,0.000000E+00,0.000000E+00,0.000000E+00,0.000000E+00,0.000000E+00,0.000000E+00,0.000000E+00,0.000000E+00,2.199826E+01,4.028074E+01,2.399976E+01,4.043962E+01,1.337696E+04,2.623452E+04,6.246844E-01,2.336724E+00,0.000000E+00,0.000000E+00,0.000000E+00,0.000000E+00,0.000000E+00,0.000000E+00,0.000000E+00,0.000000E+00,2.199856E+01,4.020918E+01,2.399971E+01,4.041611E+01
16:00:00,3.924631E+04,8.402465E+04,1.832746E+00,7.484124E+00,0.000000E+00,0.000000E+00,0.000000E+00,0.000000E+00,0.000000E+00,0.000000E+00,0.000000E+00,0.000000E+00,2.199899E+01,4.001198E+01,2.399970E+01,4.054460E+01,8.904998E+03,1.050247E+04,4.158505E-01,9.354614E-01,0.000000E+00,0.000000E+00,0.000000E+00,0.000000E+00,0.000000E+00,0.000000E+00,0.000000E+00,0.000000E+00,2.199826E+01,4.028061E+01,2.399976E+01,4.044307E+01,1.337568E+04,2.648694E+04,6.246247E-01,2.359207E+00,0.000000E+00,0.000000E+00,0.000000E+00,0.000000E+00,0.000000E+00,0.000000E+00,0.000000E+00,0.000000E+00,2.199856E+01,4.020932E+01,2.399971E+01,4.041567E+01
16:10:00,3.918341E+04,8.181996E+04,1.829808E+00,7.287751E+00,0.000000E+00,0.000000E+00,0.000000E+00,0.000000E+00,0.000000E+00,0.000000E+00,0.000000E+00,0.000000E+00,2.199899E+01,4.001231E+01,2.399970E+01,4.054873E+01,8.898455E+03,1.021454E+04,4.155449E-01,9.098146E-01,0.000000E+00,0.000000E+00,0.000000E+00,0.000000E+00,0.000000E+00,0.000000E+00,0.000000E+00,0.000000E+00,2.199826E+01,4.028051E+01,2.399976E+01,4.044606E+01,1.336262E+04,2.654077E+04,6.240148E-01,2.364002E+00,0.000000E+00,0.000000E+00,0.000000E+00,0.000000E+00,0.000000E+00,0.000000E+00,0.000000E+00,0.000000E+00,2.199856E+01,4.020943E+01,2.399971E+01,4.041583E+01
16:20:00,3.911952E+04,7.951437E+04,1.826825E+00,7.082391E+00,0.000000E+00,0.000000E+00,0.000000E+00,0.000000E+00,0.000000E+00,0.000000E+00,0.000000E+00,0.000000E+00,2.199900E+01,4.003045E+01,2.399972E+01,4.057775E+01,8.891726E+03,9.913376E+03,4.152307E-01,8.829901E-01,0.000000E+00,0.000000E+00,0.000000E+00,0.000000E+00,0.000000E+00,0.000000E+00,0.000000E+00,0.000000E+00,2.199826E+01,4.029726E+01,2.399978E+01,4.047205E+01,1.334920E+04,2.655923E+04,6.233881E-01,2.365646E+00,0.000000E+00,0.000000E+00,0.000000E+00,0.000000E+00,0.000000E+00,0.000000E+00,0.000000E+00,0.000000E+00,2.199857E+01,4.022687E+01,2.399971E+01,4.043071E+01
16:30:00,3.905526E+04,7.714146E+04,1.823824E+00,6.871034E+00,0.000000E+00,0.000000E+00,0.000000E+00,0.000000E+00,0.000000E+00,0.000000E+00,0.000000E+00,0.000000E+00,2.199901E+01,4.005771E+01,2.399971E+01,4.061551E+01,8.884911E+03,9.603780E+03,4.149124E-01,8.554143E-01,0.000000E+00,0.000000E+00,0.000000E+00,0.000000E+00,0.000000E+00,0.000000E+00,0.000000E+00,0.000000E+00,2.199828E+01,4.032092E+01,2.399977E+01,4.050531E+01,1.333564E+04,2.655625E+04,6.227549E-01,2.365380E+00,0.000000E+00,0.000000E+00,0.000000E+00,0.000000E+00,0.000000E+00,0.000000E+00,0.000000E+00,0.000000E+00,2.199858E+01,4.025224E+01,2.399970E+01,4.044774E+01
16:40:00,3.899064E+04,7.471413E+04,1.820806E+00,6.654831E+00,0.000000E+00,0.000000E+00,0.000000E+00,0.000000E+00,0.000000E+00,0.000000E+00,0.000000E+00,0.000000E+00,2.199902E+01,4.008527E+01,2.399969E+01,4.064800E+01,8.878026E+03,9.287383E+03,4.145909E-01,8.272326E-01,0.000000E+00,0.000000E+00,0.000000E+00,0.000000E+00,0.000000E+00,0.000000E+00,0.000000E+00,0.000000E+00,2.199829E+01,4.034246E+01,2.399975E+01,4.053279E+01,1.332197E+04,2.653444E+04,6.221166E-01,2.363438E+00,0.000000E+00,0.000000E+00,0.000000E+00,0.000000E+00,0.000000E+00,0.000000E+00,0.000000E+00,0.000000E+00,2.199859E+01,4.027656E+01,2.399968E+01,4.045904E+01
16:50:00,3.892574E+04,7.224480E+04,1.817775E+00,6.434886E+00,0.000000E+00,0.000000E+00,0.000000E+00,0.000000E+00,0.000000E+00,0.000000E+00,0.000000E+00,0.000000E+00,2.199903E+01,4.010942E+01,2.399967E+01,4.067158E+01,8.871090E+03,8.965589E+03,4.142670E-01,7.985702E-01,0.000000E+00,0.000000E+00,0.000000E+00,0.000000E+00,0.000000E+00,0.000000E+00,0.000000E+00,0.000000E+00,2.199831E+01,4.035879E+01,2.399973E+01,4.055166E+01,1.330822E+04,2.649609E+04,6.214746E-01,2.360022E+00,0.000000E+00,0.000000E+00,0.000000E+00,0.000000E+00,0.000000E+00,0.000000E+00,0.000000E+00,0.000000E+00,2.199861E+01,4.029638E+01,2.399966E+01,4.046450E+01
17:00:00,3.886062E+04,6.974444E+04,1.814734E+00,6.212178E+00,0.000000E+00,0.000000E+00,0.000000E+00,0.000000E+00,0.000000E+00,0.000000E+00,0.000000E+00,0.000000E+00,2.199904E+01,4.012971E+01,2.399966E+01,4.068823E+01,8.864116E+03,8.639649E+03,4.139413E-01,7.695386E-01,0.000000E+00,0.000000E+00,0.000000E+00,0.000000E+00,0.000000E+00,0.000000E+00,0.000000E+00,0.000000E+00,2.199832E+01,4.037034E+01,2.399972E+01,4.056427E+01,1.329442E+04,2.644316E+04,6.208300E-01,2.355307E+00,0.000000E+00,0.000000E+00,0.000000E+00,0.000000E+00,0.000000E+00,0.000000E+00,0.000000E+00,0.000000E+00,2.199862E+01,4.031168E+01,2.399966E+01,4.046686E+01
17:10:00,3.890214E+04,6.708226E+04,1.816673E+00,5.975055E+00,0.000000E+00,0.000000E+00,0.000000E+00,0.000000E+00,0.000000E+00,0.000000E+00,0.000000E+00,0.000000E+00,2.199905E+01,4.014677E+01,2.399965E+01,4.070083E+01,8.869070E+03,8.296324E+03,4.141727E-01,7.389584E-01,0.000000E+00,0.000000E+00,0.000000E+00,0.000000E+00,0.000000E+00,0.000000E+00,0.000000E+00,0.000000E+00,2.199833E+01,4.037850E+01,2.399971E+01,4.057352E+01,1.330463E+04,2.613774E+04,6.213069E-01,2.328104E+00,0.000000E+00,0.000000E+00,0.000000E+00,0.000000E+00,0.000000E+00,0.000000E+00,0.000000E+00,0.000000E+00,2.199863E+01,4.032350E+01,2.399965E+01,4.046833E+01
17:20:00,3.894723E+04,6.440127E+04,1.818779E+00,5.736258E+00,0.000000E+00,0.000000E+00,0.000000E+00,0.000000E+00,0.000000E+00,0.000000E+00,0.000000E+00,0.000000E+00,2.199905E+01,4.014317E+01,2.399968E+01,4.070567E+01,8.874474E+03,7.951081E+03,4.144250E-01,7.082074E-01,0.000000E+00,0.000000E+00,0.000000E+00,0.000000E+00,0.000000E+00,0.000000E+00,0.000000E+00,0.000000E+00,2.199833E+01,4.036744E+01,2.399974E+01,4.057385E+01,1.331568E+04,2.579607E+04,6.218226E-01,2.297671E+00,0.000000E+00,0.000000E+00,0.000000E+00,0.000000E+00,0.000000E+00,0.000000E+00,0.000000E+00,0.000000E+00,2.199863E+01,4.031527E+01,2.399967E+01,4.045746E+01
17:30:00,3.899407E+04,6.171557E+04,1.820966E+00,5.497042E+00,0.000000E+00,0.000000E+00,0.000000E+00,0.000000E+00,0.000000E+00,0.000000E+00,0.000000E+00,0.000000E+00,2.199905E+01,4.012820E+01,2.399969E+01,4.070927E+01,8.880100E+03,7.605028E+03,4.146878E-01,6.773842E-01,0.000000E+00,0.000000E+00,0.000000E+00,0.000000E+00,0.000000E+00,0.000000E+00,0.000000E+00,0.000000E+00,2.199832E+01,4.034791E+01,2.399975E+01,4.057269E+01,1.332705E+04,2.543749E+04,6.223537E-01,2.265732E+00,0.000000E+00,0.000000E+00,0.000000E+00,0.000000E+00,0.000000E+00,0.000000E+00,0.000000E+00,0.000000E+00,2.199862E+01,4.029713E+01,2.399968E+01,4.044504E+01
17:40:00,3.904245E+04,5.904510E+04,1.823225E+00,5.259182E+00,0.000000E+00,0.000000E+00,0.000000E+00,0.000000E+00,0.000000E+00,0.000000E+00,0.000000E+00,0.000000E+00,2.199904E+01,4.011115E+01,2.399970E+01,4.071486E+01,8.885909E+03,7.260245E+03,4.149590E-01,6.466742E-01,0.000000E+00,0.000000E+00,0.000000E+00,0.000000E+00,0.000000E+00,0.000000E+00,0.000000E+00,0.000000E+00,2.199831E+01,4.032944E+01,2.399976E+01,4.057409E+01,1.333869E+04,2.506811E+04,6.228972E-01,2.232831E+00,0.000000E+00,0.000000E+00,0.000000E+00,0.000000E+00,0.000000E+00,0.000000E+00,0.000000E+00,0.000000E+00,2.199861E+01,4.027858E+01,2.399970E+01,4.043767E+01
17:50:00,3.909204E+04,5.640426E+04,1.825541E+00,5.023960E+00,0.000000E+00,0.000000E+00,0.000000E+00,0.000000E+00,0.000000E+00,0.000000E+00,0.000000E+00,0.000000E+00,2.199903E+01,4.009605E+01,2.399970E+01,4.072255E+01,8.891854E+03,6.918298E+03,4.152366E-01,6.162168E-01,0.000000E+00,0.000000E+00,0.000000E+00,0.000000E+00,0.000000E+00,0.000000E+00,0.000000E+00,0.000000E+00,2.199829E+01,4.031542E+01,2.399976E+01,4.057831E+01,1.335052E+04,2.469259E+04,6.234497E-01,2.199383E+00,0.000000E+00,0.000000E+00,0.000000E+00,0.000000E+00,0.000000E+00,0.000000E+00,0.000000E+00,0.000000E+00,2.199860E+01,4.026340E+01,2.399971E+01,4.043542E+01
18:00:00,3.914261E+04,5.379069E+04,1.827903E+00,4.791168E+00,0.000000E+00,0.000000E+00,0.000000E+00,0.000000E+00,0.000000E+00,0.000000E+00,0.000000E+00,0.000000E+00,2.199903E+01,4.008357E+01,2.399970E+01,4.073128E+01,8.897903E+03,6.576704E+03,4.155191E-01,5.857908E-01,0.000000E+00,0.000000E+00,0.000000E+00,0.000000E+00,0.000000E+00,0.000000E+00,0.000000E+00,0.000000E+00,2.199828E+01,4.030559E+01,2.399976E+01,4.058421E+01,1.336249E+04,2.431438E+04,6.240088E-01,2.165696E+00,0.000000E+00,0.000000E+00,0.000000E+00,0.000000E+00,0.000000E+00,0.000000E+00,0.000000E+00,0.000000E+00,2.199859E+01,4.025184E+01,2.399971E+01,4.043596E+01
18:10:00,3.925204E+04,5.149677E+04,1.833013E+00,4.586847E+00,0.000000E+00,0.000000E+00,0.000000E+00,0.000000E+00,0.000000E+00,0.000000E+00,0.000000E+00,0.000000E+00,2.199902E+01,4.007324E+01,2.399970E+01,4.074026E+01,8.910549E+03,6.265881E+03,4.161097E-01,5.581056E-01,0.000000E+00,0.000000E+00,0.000000E+00,0.000000E+00,0.000000E+00,0.000000E+00,0.000000E+00,0.000000E+00,2.199828E+01,4.029873E+01,2.399977E+01,4.059090E+01,1.338792E+04,2.379160E+04,6.251962E-01,2.119132E+00,0.000000E+00,0.000000E+00,0.000000E+00,0.000000E+00,0.000000E+00,0.000000E+00,0.000000E+00,0.000000E+00,2.199859E+01,4.024303E+01,2.399972E+01,4.043740E+01
18:20:00,3.936533E+04,4.927718E+04,1.838303E+00,4.389147E+00,0.000000E+00,0.000000E+00,0.000000E+00,0.000000E+00,0.000000E+00,0.000000E+00,0.000000E+00,0.000000E+00,2.199900E+01,4.002856E+01,2.399974E+01,4.072208E+01,8.923656E+03,5.961859E+03,4.167217E-01,5.310262E-01,0.000000E+00,0.000000E+00,0.000000E+00,0.000000E+00,0.000000E+00,0.000000E+00,0.000000E+00,0.000000E+00,2.199826E+01,4.026011E+01,2.399979E+01,4.056981E+01,1.341418E+04,2.325179E+04,6.264229E-01,2.071051E+00,0.000000E+00,0.000000E+00,0.000000E+00,0.000000E+00,0.000000E+00,0.000000E+00,0.000000E+00,0.000000E+00,2.199857E+01,4.020143E+01,2.399973E+01,4.041192E+01
18:30:00,3.948020E+04,4.711159E+04,1.843668E+00,4.196257E+00,0.000000E+00,0.000000E+00,0.000000E+00,0.000000E+00,0.000000E+00,0.000000E+00,0.000000E+00,0.000000E+00,2.199899E+01,3.996677E+01,2.399975E+01,4.069398E+01,8.936945E+03,5.662619E+03,4.173423E-01,5.043727E-01,0.000000E+00,0.000000E+00,0.000000E+00,0.000000E+00,0.000000E+00,0.000000E+00,0.000000E+00,0.000000E+00,2.199823E+01,4.020906E+01,2.399981E+01,4.053896E+01,1.344071E+04,2.270404E+04,6.276616E-01,2.022262E+00,0.000000E+00,0.000000E+00,0.000000E+00,0.000000E+00,0.000000E+00,0.000000E+00,0.000000E+00,0.000000E+00,2.199854E+01,4.014538E+01,2.399976E+01,4.038122E+01
18:40:00,3.959651E+04,4.498339E+04,1.849099E+00,4.006696E+00,0.000000E+00,0.000000E+00,0.000000E+00,0.000000E+00,0.000000E+00,0.000000E+00,0.000000E+00,0.000000E+00,2.199896E+01,3.990539E+01,2.399977E+01,4.067003E+01,8.950386E+03,5.366250E+03,4.179700E-01,4.779750E-01,0.000000E+00,0.000000E+00,0.000000E+00,0.000000E+00,0.000000E+00,0.000000E+00,0.000000E+00,0.000000E+00,2.199820E+01,4.016326E+01,2.399983E+01,4.051300E+01,1.346746E+04,2.214646E+04,6.289106E-01,1.972598E+00,0.000000E+00,0.000000E+00,0.000000E+00,0.000000E+00,0.000000E+00,0.000000E+00,0.000000E+00,0.000000E+00,2.199851E+01,4.009260E+01,2.399979E+01,4.036012E+01
18:50:00,3.971403E+04,4.287841E+04,1.854587E+00,3.819205E+00,0.000000E+00,0.000000E+00,0.000000E+00,0.000000E+00,0.000000E+00,0.000000E+00,0.000000E+00,0.000000E+00,2.199894E+01,3.985180E+01,2.399979E+01,4.065442E+01,8.963951E+03,5.071197E+03,4.186035E-01,4.516944E-01,0.000000E+00,0.000000E+00,0.000000E+00,0.000000E+00,0.000000E+00,0.000000E+00,0.000000E+00,0.000000E+00,2.199816E+01,4.012866E+01,2.399985E+01,4.049607E+01,1.349438E+04,2.157748E+04,6.301678E-01,1.921919E+00,0.000000E+00,0.000000E+00,0.000000E+00,0.000000E+00,0.000000E+00,0.000000E+00,0.000000E+00,0.000000E+00,2.199848E+01,4.004975E+01,2.399982E+01,4.035014E+01
19:00:00,3.983252E+04,4.079693E+04,1.860121E+00,3.633806E+00,0.000000E+00,0.000000E+00,0.000000E+00,0.000000E+00,0.000000E+00,0.000000E+00,0.000000E+00,0.000000E+00,2.199892E+01,3.980677E+01,2.399980E+01,4.064592E+01,8.977612E+03,4.779668E+03,4.192414E-01,4.257278E-01,0.000000E+00,0.000000E+00,0.000000E+00,0.000000E+00,0.000000E+00,0.000000E+00,0.000000E+00,0.000000E+00,2.199814E+01,4.010417E+01,2.399986E+01,4.048666E+01,1.352143E+04,2.099418E+04,6.314310E-01,1.869964E+00,0.000000E+00,0.000000E+00,0.000000E+00,0.000000E+00,0.000000E+00,0.000000E+00,0.000000E+00,0.000000E+00,2.199845E+01,4.001668E+01,2.399983E+01,4.034709E+01
19:10:00,4.065686E+04,3.853584E+04,1.898616E+00,3.432409E+00,0.000000E+00,0.000000E+00,0.000000E+00,0.000000E+00,0.000000E+00,0.000000E+00,0.000000E+00,0.000000E+00,2.199890E+01,3.976890E+01,2.399980E+01,4.064213E+01,9.073403E+03,4.468598E+03,4.237147E-01,3.980206E-01,0.000000E+00,0.000000E+00,0.000000E+00,0.000000E+00,0.000000E+00,0.000000E+00,0.000000E+00,0.000000E+00,2.199812E+01,4.008688E+01,2.399987E+01,4.048212E+01,1.371826E+04,2.011094E+04,6.406228E-01,1.791293E+00,0.000000E+00,0.000000E+00,0.000000E+00,0.000000E+00,0.000000E+00,0.000000E+00,0.000000E+00,0.000000E+00,2.199843E+01,3.999116E+01,2.399984E+01,4.034705E+01
19:20:00,4.157774E+04,3.626971E+04,1.941620E+00,3.230564E+00,0.000000E+00,0.000000E+00,0.000000E+00,0.000000E+00,0.000000E+00,0.000000E+00,0.000000E+00,0.000000E+00,2.199876E+01,3.972266E+01,2.399984E+01,4.061264E+01,9.181101E+03,4.157512E+03,4.287441E-01,3.703120E-01,0.000000E+00,0.000000E+00,0.000000E+00,0.000000E+00,0.000000E+00,0.000000E+00,0.000000E+00,0.000000E+00,2.199800E+01,4.005961E+01,2.399990E+01,4.044933E+01,1.393676E+04,1.918543E+04,6.508266E-01,1.708858E+00,0.000000E+00,0.000000E+00,0.000000E+00,0.000000E+00,0.000000E+00,0.000000E+00,0.000000E+00,0.000000E+00,2.199830E+01,3.995742E+01,2.399986E+01,4.032062E+01
19:30:00,4.254344E+04,3.399455E+04,1.986717E+00,3.027914E+00,0.000000E+00,0.000000E+00,0.000000E+00,0.000000E+00,0.000000E+00,0.000000E+00,0.000000E+00,0.000000E+00,2.199872E+01,3.967682E+01,2.399986E+01,4.057281E+01,9.293846E+03,3.846090E+03,4.340091E-01,3.425735E-01,0.000000E+00,0.000000E+00,0.000000E+00,0.000000E+00,0.000000E+00,0.000000E+00,0.000000E+00,0.000000E+00,2.199796E+01,4.003226E+01,2.399992E+01,4.040472E+01,1.416211E+04,1.823513E+04,6.613499E-01,1.624214E+00,0.000000E+00,0.000000E+00,0.000000E+00,0.000000E+00,0.000000E+00,0.000000E+00,0.000000E+00,0.000000E+00,2.199825E+01,3.992416E+01,2.399989E+01,4.028710E+01
19:40:00,4.354624E+04,3.170511E+04,2.033546E+00,2.823992E+00,0.000000E+00,0.000000E+00,0.000000E+00,0.000000E+00,0.000000E+00,0.000000E+00,0.000000E+00,0.000000E+00,2.199869E+01,3.963807E+01,2.399988E+01,4.053645E+01,9.410605E+03,3.533894E+03,4.394615E-01,3.147660E-01,0.000000E+00,0.000000E+00,0.000000E+00,0.000000E+00,0.000000E+00,0.000000E+00,0.000000E+00,0.000000E+00,2.199793E+01,4.001173E+01,2.399993E+01,4.036335E+01,1.439297E+04,1.726152E+04,6.721309E-01,1.537494E+00,0.000000E+00,0.000000E+00,0.000000E+00,0.000000E+00,0.000000E+00,0.000000E+00,0.000000E+00,0.000000E+00,2.199823E+01,3.989740E+01,2.399992E+01,4.026113E+01
19:50:00,4.457718E+04,2.939080E+04,2.081690E+00,2.617856E+00,0.000000E+00,0.000000E+00,0.000000E+00,0.000000E+00,0.000000E+00,0.000000E+00,0.000000E+00,0.000000E+00,2.199867E+01,3.960779E+01,2.399989E+01,4.050833E+01,9.530272E+03,3.219960E+03,4.450498E-01,2.868037E-01,0.000000E+00,0.000000E+00,0.000000E+00,0.000000E+00,0.000000E+00,0.000000E+00,0.000000E+00,0.000000E+00,2.199791E+01,3.999886E+01,2.399995E+01,4.033044E+01,1.462766E+04,1.626447E+04,6.830903E-01,1.448686E+00,0.000000E+00,0.000000E+00,0.000000E+00,0.000000E+00,0.000000E+00,0.000000E+00,0.000000E+00,0.000000E+00,2.199821E+01,3.987804E+01,2.399994E+01,4.024561E+01
20:00:00,4.562971E+04,2.703818E+04,2.130841E+00,2.408307E+00,0.000000E+00,0.000000E+00,0.000000E+00,0.000000E+00,0.000000E+00,0.000000E+00,0.000000E+00,0.000000E+00,2.199865E+01,3.958475E+01,2.399991E+01,4.048794E+01,9.652079E+03,2.902009E+03,4.507380E-01,2.584836E-01,0.000000E+00,0.000000E+00,0.000000E+00,0.000000E+00,0.000000E+00,0.000000E+00,0.000000E+00,0.000000E+00,2.199789E+01,3.999165E+01,2.399996E+01,4.030545E+01,1.486506E+04,1.523859E+04,6.941765E-01,1.357310E+00,0.000000E+00,0.000000E+00,0.000000E+00,0.000000E+00,0.000000E+00,0.000000E+00,0.000000E+00,0.000000E+00,2.199819E+01,3.986456E+01,2.399995E+01,4.023765E+01
20:10:00,4.623303E+04,2.501947E+04,2.159015E+00,2.228499E+00,0.000000E+00,0.000000E+00,0.000000E+00,0.000000E+00,0.000000E+00,0.000000E+00,0.000000E+00,0.000000E+00,2.199864E+01,3.956718E+01,2.399992E+01,4.047340E+01,9.720708E+03,2.625932E+03,4.539429E-01,2.338933E-01,0.000000E+00,0.000000E+00,0.000000E+00,0.000000E+00,0.000000E+00,0.000000E+00,0.000000E+00,0.000000E+00,2.199788E+01,3.998792E+01,2.399997E+01,4.028632E+01,1.499631E+04,1.395020E+04,7.003058E-01,1.242553E+00,0.000000E+00,0.000000E+00,0.000000E+00,0.000000E+00,0.000000E+00,0.000000E+00,0.000000E+00,0.000000E+00,2.199818E+01,3.985513E+01,2.399996E+01,4.023385E+01
20:20:00,4.680294E+04,2.298015E+04,2.185629E+00,2.046855E+00,0.000000E+00,0.000000E+00,0.000000E+00,0.000000E+00,0.000000E+00,0.000000E+00,0.000000E+00,0.000000E+00,2.199857E+01,3.956467E+01,2.399994E+01,4.046814E+01,9.784202E+03,2.349872E+03,4.569080E-01,2.093045E-01,0.000000E+00,0.000000E+00,0.000000E+00,0.000000E+00,0.000000E+00,0.000000E+00,0.000000E+00,0.000000E+00,2.199783E+01,3.999525E+01,2.399998E+01,4.027323E+01,1.511844E+04,1.260781E+04,7.060089E-01,1.122985E+00,0.000000E+00,0.000000E+00,0.000000E+00,0.000000E+00,0.000000E+00,0.000000E+00,0.000000E+00,0.000000E+00,2.199812E+01,3.985922E+01,2.399997E+01,4.023575E+01
20:30:00,4.736195E+04,2.090698E+04,2.211734E+00,1.862197E+00,0.000000E+00,0.000000E+00,0.000000E+00,0.000000E+00,0.000000E+00,0.000000E+00,0.000000E+00,0.000000E+00,2.199856E+01,3.957214E+01,2.399995E+01,4.046936E+01,9.846182E+03,2.071685E+03,4.598024E-01,1.845262E-01,0.000000E+00,0.000000E+00,0.000000E+00,0.000000E+00,0.000000E+00,0.000000E+00,0.000000E+00,0.000000E+00,2.199783E+01,4.000846E+01,2.399999E+01,4.026412E+01,1.523851E+04,1.123101E+04,7.116162E-01,1.000352E+00,0.000000E+00,0.000000E+00,0.000000E+00,0.000000E+00,0.000000E+00,0.000000E+00,0.000000E+00,0.000000E+00,2.199811E+01,3.987123E+01,2.399998E+01,4.024071E+01
20:40:00,4.791091E+04,1.878508E+04,2.237370E+00,1.673198E+00,0.000000E+00,0.000000E+00,0.000000E+00,0.000000E+00,0.000000E+00,0.000000E+00,0.000000E+00,0.000000E+00,2.199856E+01,3.958343E+01,2.399995E+01,4.047400E+01,9.906801E+03,1.788053E+03,4.626332E-01,1.592629E-01,0.000000E+00,0.000000E+00,0.000000E+00,0.000000E+00,0.000000E+00,0.000000E+00,0.000000E+00,0.000000E+00,2.199783E+01,4.002205E+01,2.399999E+01,4.025725E+01,1.535668E+04,9.827168E+03,7.171346E-01,8.753116E-01,0.000000E+00,0.000000E+00,0.000000E+00,0.000000E+00,0.000000E+00,0.000000E+00,0.000000E+00,0.000000E+00,2.199811E+01,3.988474E+01,2.399998E+01,4.024641E+01
20:50:00,4.845217E+04,1.667794E+04,2.262646E+00,1.485513E+00,0.000000E+00,0.000000E+00,0.000000E+00,0.000000E+00,0.000000E+00,0.000000E+00,0.000000E+00,0.000000E+00,2.199856E+01,3.959514E+01,2.399995E+01,4.048055E+01,9.966424E+03,1.508446E+03,4.654175E-01,1.343582E-01,0.000000E+00,0.000000E+00,0.000000E+00,0.000000E+00,0.000000E+00,0.000000E+00,0.000000E+00,0.000000E+00,2.199784E+01,4.003354E+01,2.399999E+01,4.025175E+01,1.547352E+04,8.441840E+03,7.225908E-01,7.519196E-01,0.000000E+00,0.000000E+00,0.000000E+00,0.000000E+00,0.000000E+00,0.000000E+00,0.000000E+00,0.000000E+00,2.199812E+01,3.989664E+01,2.399998E+01,4.025191E+01
21:00:00,4.898746E+04,1.462276E+04,2.287643E+00,1.302458E+00,0.000000E+00,0.000000E+00,0.000000E+00,0.000000E+00,0.000000E+00,0.000000E+00,0.000000E+00,0.000000E+00,2.199856E+01,3.960609E+01,2.399996E+01,4.048815E+01,1.002532E+04,1.238795E+03,4.681677E-01,1.103402E-01,0.000000E+00,0.000000E+00,0.000000E+00,0.000000E+00,0.000000E+00,0.000000E+00,0.000000E+00,0.000000E+00,2.199785E+01,4.004255E+01,2.399999E+01,4.024714E+01,1.558941E+04,7.098784E+03,7.280027E-01,6.322928E-01,0.000000E+00,0.000000E+00,0.000000E+00,0.000000E+00,0.000000E+00,0.000000E+00,0.000000E+00,0.000000E+00,2.199812E+01,3.990629E+01,2.399998E+01,4.025686E+01
21:10:00,4.092750E+04,1.162660E+04,1.911254E+00,1.035588E+00,0.000000E+00,0.000000E+00,0.000000E+00,0.000000E+00,0.000000E+00,0.000000E+00,0.000000E+00,0.000000E+00,2.072357E+01,4.257566E+01,2.399996E+01,4.049630E+01,8.550077E+03,9.587716E+02,3.992762E-01,8.539834E-02,0.000000E+00,0.000000E+00,0.000000E+00,0.000000E+00,0.000000E+00,0.000000E+00,0.000000E+00,0.000000E+00,1.988947E+01,4.518930E+01,2.399999E+01,4.024314E+01,1.300919E+04,5.645408E+03,6.075101E-01,5.028397E-01,0.000000E+00,0.000000E+00,0.000000E+00,0.000000E+00,0.000000E+00,0.000000E+00,0.000000E+00,0.000000E+00,2.023212E+01,4.415324E+01,2.399998E+01,4.026117E+01
21:20:00,3.279986E+04,8.912411E+03,1.531706E+00,7.938336E-01,0.000000E+00,0.000000E+00,0.000000E+00,0.000000E+00,0.000000E+00,0.000000E+00,0.000000E+00,0.000000E+00,1.964051E+01,4.521756E+01,2.404847E+01,4.033426E+01,7.479784E+03,7.162291E+02,3.492950E-01,6.379494E-02,0.000000E+00,0.000000E+00,0.000000E+00,0.000000E+00,0.000000E+00,0.000000E+00,0.000000E+00,0.000000E+00,1.851432E+01,4.883599E+01,2.392755E+01,4.035107E+01,1.108997E+04,4.353266E+03,5.178857E-01,3.877479E-01,0.000000E+00,0.000000E+00,0.000000E+00,0.000000E+00,0.000000E+00,0.000000E+00,0.000000E+00,0.000000E+00,1.879803E+01,4.789465E+01,2.412530E+01,3.990591E+01
21:30:00,2.589332E+04,6.419919E+03,1.209180E+00,5.718259E-01,0.000000E+00,0.000000E+00,0.000000E+00,0.000000E+00,0.000000E+00,0.000000E+00,0.000000E+00,0.000000E+00,1.877523E+01,4.742460E+01,2.406669E+01,4.021351E+01,6.790233E+03,5.024390E+02,3.170940E-01,4.475253E-02,0.000000E+00,0.000000E+00,0.000000E+00,0.000000E+00,0.000000E+00,0.000000E+00,0.000000E+00,0.000000E+00,1.806126E+01,5.003810E+01,2.377224E+01,4.062245E+01,9.878467E+03,3.164759E+03,4.613100E-01,2.818869E-01,0.000000E+00,0.000000E+00,0.000000E+00,0.000000E+00,0.000000E+00,0.000000E+00,0.000000E+00,0.000000E+00,1.816961E+01,4.958939E+01,2.422343E+01,3.958346E+01
21:40:00,2.033344E+04,4.145187E+03,9.495419E-01,3.692142E-01,0.000000E+00,0.000000E+00,0.000000E+00,0.000000E+00,0.000000E+00,0.000000E+00,0.000000E+00,0.000000E+00,1.837273E+01,4.846629E+01,2.402487E+01,4.022764E+01,6.209427E+03,3.180234E+02,2.899712E-01,2.832653E-02,0.000000E+00,0.000000E+00,0.000000E+00,0.000000E+00,0.000000E+00,0.000000E+00,0.000000E+00,0.000000E+00,1.799930E+01,5.016663E+01,2.358280E+01,4.096881E+01,8.941433E+03,2.069209E+03,4.175519E-01,1.843057E-01,0.000000E+00,0.000000E+00,0.000000E+00,0.000000E+00,0.000000E+00,0.000000E+00,0.000000E+00,0.000000E+00,1.803134E+01,4.993954E+01,2.423373E+01,3.946039E+01
21:50:00,1.639380E+04,2.017110E+03,7.655665E-01,1.796652E-01,0.000000E+00,0.000000E+00,0.000000E+00,0.000000E+00,0.000000E+00,0.000000E+00,0.000000E+00,0.000000E+00,1.800513E+01,4.933896E+01,2.393852E+01,4.034995E+01,5.680350E+03,1.522249E+02,2.652641E-01,1.355876E-02,0.000000E+00,0.000000E+00,0.000000E+00,0.000000E+00,0.000000E+00,0.000000E+00,0.000000E+00,0.000000E+00,1.799876E+01,5.006564E+01,2.339801E+01,4.130909E+01,8.115747E+03,1.020100E+03,3.789936E-01,9.086094E-02,0.000000E+00,0.000000E+00,0.000000E+00,0.000000E+00,0.000000E+00,0.000000E+00,0.000000E+00,0.000000E+00,1.799894E+01,4.992949E+01,2.417235E+01,3.950813E+01
22:00:00,1.283628E+04,0.000000E+00,5.994355E-01,0.000000E+00,0.000000E+00,0.000000E+00,0.000000E+00,0.000000E+00,0.000000E+00,0.000000E+00,0.000000E+00,0.000000E+00,1.799913E+01,4.922334E+01,2.383276E+01,4.052309E+01,5.206319E+03,0.000000E+00,2.431275E-01,0.000000E+00,0.000000E+00,0.000000E+00,0.000000E+00,0.000000E+00,0.000000E+00,0.000000E+00,0.000000E+00,0.000000E+00,1.799800E+01,5.001141E+01,2.323313E+01,4.160800E+01,7.358617E+03,0.000000E+00,3.436367E-01,0.000000E+00,0.000000E+00,0.000000E+00,0.000000E+00,0.000000E+00,0.000000E+00,0.000000E+00,0.000000E+00,0.000000E+00,1.799830E+01,4.986310E+01,2.407719E+01,3.964014E+01
22:10:00,1.866782E+04,0.000000E+00,8.717601E-01,0.000000E+00,0.000000E+00,0.000000E+00,0.000000E+00,0.000000E+00,0.000000E+00,0.000000E+00,0.000000E+00,0.000000E+00,1.799880E+01,4.899259E+01,2.372463E+01,4.070575E+01,6.411340E+03,0.000000E+00,2.994002E-01,0.000000E+00,0.000000E+00,0.000000E+00,0.000000E+00,0.000000E+00,0.000000E+00,0.000000E+00,0.000000E+00,0.000000E+00,1.799784E+01,4.990867E+01,2.308884E+01,4.186223E+01,9.582856E+03,0.000000E+00,4.475054E-01,0.000000E+00,0.000000E+00,0.000000E+00,0.000000E+00,0.000000E+00,0.000000E+00,0.000000E+00,0.000000E+00,0.000000E+00,1.799818E+01,4.974060E+01,2.397535E+01,3.979225E+01
22:20:00,2.506614E+04,0.000000E+00,1.170552E+00,0.000000E+00,0.000000E+00,0.000000E+00,0.000000E+00,0.000000E+00,0.000000E+00,0.000000E+00,0.000000E+00,0.000000E+00,1.799845E+01,4.884958E+01,2.352976E+01,4.110612E+01,7.263387E+03,0.000000E+00,3.391896E-01,0.000000E+00,0.000000E+00,0.000000E+00,0.000000E+00,0.000000E+00,0.000000E+00,0.000000E+00,0.000000E+00,0.000000E+00,1.799746E+01,4.990001E+01,2.284049E+01,4.238917E+01,1.123111E+04,0.000000E+00,5.244763E-01,0.000000E+00,0.000000E+00,0.000000E+00,0.000000E+00,0.000000E+00,0.000000E+00,0.000000E+00,0.000000E+00,0.000000E+00,1.799777E+01,4.971172E+01,2.370599E+01,4.035295E+01
22:30:00,3.046727E+04,0.000000E+00,1.422777E+00,0.000000E+00,0.000000E+00,0.000000E+00,0.000000E+00,0.000000E+00,0.000000E+00,0.000000E+00,0.000000E+00,0.000000E+00,1.799830E+01,4.880072E+01,2.338411E+01,4.142924E+01,7.761258E+03,0.000000E+00,3.624394E-01,0.000000E+00,0.000000E+00,0.000000E+00,0.000000E+00,0.000000E+00,0.000000E+00,0.000000E+00,0.000000E+00,0.000000E+00,1.799736E+01,4.996765E+01,2.265501E+01,4.281618E+01,1.220216E+04,0.000000E+00,5.698231E-01,0.000000E+00,0.000000E+00,0.000000E+00,0.000000E+00,0.000000E+00,0.000000E+00,0.000000E+00,0.000000E+00,0.000000E+00,1.799767E+01,4.976054E+01,2.347732E+01,4.086885E+01
22:40:00,3.471228E+04,0.000000E+00,1.621013E+00,0.000000E+00,0.000000E+00,0.000000E+00,0.000000E+00,0.000000E+00,0.000000E+00,0.000000E+00,0.000000E+00,0.000000E+00,1.799822E+01,4.881164E+01,2.328653E+01,4.165315E+01,8.171483E+03,0.000000E+00,3.815963E-01,0.000000E+00,0.000000E+00,0.000000E+00,0.000000E+00,0.000000E+00,0.000000E+00,0.000000E+00,0.000000E+00,0.000000E+00,1.799734E+01,5.006579E+01,2.253376E+01,4.310533E+01,1.292382E+04,0.000000E+00,6.035238E-01,0.000000E+00,0.000000E+00,0.000000E+00,0.000000E+00,0.000000E+00,0.000000E+00,0.000000E+00,0.000000E+00,0.000000E+00,1.799765E+01,4.984083E+01,2.332647E+01,4.121953E+01
22:50:00,3.748775E+04,0.000000E+00,1.750624E+00,0.000000E+00,0.000000E+00,0.000000E+00,0.000000E+00,0.000000E+00,0.000000E+00,0.000000E+00,0.000000E+00,0.000000E+00,1.799818E+01,4.885392E+01,2.309268E+01,4.207829E+01,8.545326E+03,0.000000E+00,3.990543E-01,0.000000E+00,0.000000E+00,0.000000E+00,0.000000E+00,0.000000E+00,0.000000E+00,0.000000E+00,0.000000E+00,0.000000E+00,1.799736E+01,5.016458E+01,2.229866E+01,4.363919E+01,1.355236E+04,0.000000E+00,6.328755E-01,0.000000E+00,0.000000E+00,0.000000E+00,0.000000E+00,0.000000E+00,0.000000E+00,0.000000E+00,0.000000E+00,0.000000E+00,1.799766E+01,4.992336E+01,2.305063E+01,4.183928E+01
23:00:00,3.999984E+04,0.000000E+00,1.867934E+00,0.000000E+00,0.000000E+00,0.000000E+00,0.000000E+00,0.000000E+00,0.000000E+00,0.000000E+00,0.000000E+00,0.000000E+00,1.799815E+01,4.891127E+01,2.291124E+01,4.246570E+01,8.875937E+03,0.000000E+00,4.144933E-01,0.000000E+00,0.000000E+00,0.000000E+00,0.000000E+00,0.000000E+00,0.000000E+00,0.000000E+00,0.000000E+00,0.000000E+00,1.799739E+01,5.025192E+01,2.208712E+01,4.410365E+01,1.412566E+04,0.000000E+00,6.596476E-01,0.000000E+00,0.000000E+00,0.000000E+00,0.000000E+00,0.000000E+00,0.000000E+00,0.000000E+00,0.000000E+00,0.000000E+00,1.799768E+01,4.999706E+01,2.280738E+01,4.237413E+01
23:10:00,4.201670E+04,0.000000E+00,1.962119E+00,0.000000E+00,0.000000E+00,0.000000E+00,0.000000E+00,0.000000E+00,0.000000E+00,0.000000E+00,0.000000E+00,0.000000E+00,1.799814E+01,4.897546E+01,2.275996E+01,4.277746E+01,9.091434E+03,0.000000E+00,4.245567E-01,0.000000E+00,0.000000E+00,0.000000E+00,0.000000E+00,0.000000E+00,0.000000E+00,0.000000E+00,0.000000E+00,0.000000E+00,1.799742E+01,5.032574E+01,2.191760E+01,4.445869E+01,1.446813E+04,0.000000E+00,6.756404E-01,0.000000E+00,0.000000E+00,0.000000E+00,0.000000E+00,0.000000E+00,0.000000E+00,0.000000E+00,0.000000E+00,0.000000E+00,1.799771E+01,5.006014E+01,2.261448E+01,4.278467E+01
23:20:00,4.367288E+04,0.000000E+00,2.039460E+00,0.000000E+00,0.000000E+00,0.000000E+00,0.000000E+00,0.000000E+00,0.000000E+00,0.000000E+00,0.000000E+00,0.000000E+00,1.799801E+01,4.907355E+01,2.257367E+01,4.318557E+01,9.267592E+03,0.000000E+00,4.327831E-01,0.000000E+00,0.000000E+00,0.000000E+00,0.000000E+00,0.000000E+00,0.000000E+00,0.000000E+00,0.000000E+00,0.000000E+00,1.799736E+01,5.040954E+01,2.170488E+01,4.493920E+01,1.474424E+04,0.000000E+00,6.885344E-01,0.000000E+00,0.000000E+00,0.000000E+00,0.000000E+00,0.000000E+00,0.000000E+00,0.000000E+00,0.000000E+00,0.000000E+00,1.799762E+01,5.013997E+01,2.235845E+01,4.336868E+01
23:30:00,4.518740E+04,0.000000E+00,2.110186E+00,0.000000E+00,0.000000E+00,0.000000E+00,0.000000E+00,0.000000E+00,0.000000E+00,0.000000E+00,0.000000E+00,0.000000E+00,1.799800E+01,4.919258E+01,2.237106E+01,4.364397E+01,9.424299E+03,0.000000E+00,4.401010E-01,0.000000E+00,0.000000E+00,0.000000E+00,0.000000E+00,0.000000E+00,0.000000E+00,0.000000E+00,0.000000E+00,0.000000E+00,1.799738E+01,5.049549E+01,2.147253E+01,4.548469E+01,1.499777E+04,0.000000E+00,7.003743E-01,0.000000E+00,0.000000E+00,0.000000E+00,0.000000E+00,0.000000E+00,0.000000E+00,0.000000E+00,0.000000E+00,0.000000E+00,1.799763E+01,5.022714E+01,2.207051E+01,4.405080E+01
23:40:00,4.657900E+04,0.000000E+00,2.175171E+00,0.000000E+00,0.000000E+00,0.000000E+00,0.000000E+00,0.000000E+00,0.000000E+00,0.000000E+00,0.000000E+00,0.000000E+00,1.799801E+01,4.931423E+01,2.218404E+01,4.406827E+01,9.565629E+03,0.000000E+00,4.467009E-01,0.000000E+00,0.000000E+00,0.000000E+00,0.000000E+00,0.000000E+00,0.000000E+00,0.000000E+00,0.000000E+00,0.000000E+00,1.799742E+01,5.057242E+01,2.126139E+01,4.598174E+01,1.523269E+04,0.000000E+00,7.113446E-01,0.000000E+00,0.000000E+00,0.000000E+00,0.000000E+00,0.000000E+00,0.000000E+00,0.000000E+00,0.000000E+00,0.000000E+00,1.799766E+01,5.030789E+01,2.180916E+01,4.467546E+01
23:50:00,4.787250E+04,0.000000E+00,2.235576E+00,0.000000E+00,0.000000E+00,0.000000E+00,0.000000E+00,0.000000E+00,0.000000E+00,0.000000E+00,0.000000E+00,0.000000E+00,1.799804E+01,4.942819E+01,2.202464E+01,4.442421E+01,9.695939E+03,0.000000E+00,4.527862E-01,0.000000E+00,0.000000E+00,0.000000E+00,0.000000E+00,0.000000E+00,0.000000E+00,0.000000E+00,0.000000E+00,0.000000E+00,1.799745E+01,5.063577E+01,2.108577E+01,4.638700E+01,1.545412E+04,0.000000E+00,7.216847E-01,0.000000E+00,0.000000E+00,0.000000E+00,0.000000E+00,0.000000E+00,0.000000E+00,0.000000E+00,0.000000E+00,0.000000E+00,1.799770E+01,5.037604E+01,2.159620E+01,4.517882E+01
24:00:00,4.908822E+04,0.000000E+00,2.292348E+00,0.000000E+00,0.000000E+00,0.000000E+00,0.000000E+00,0.000000E+00,0.000000E+00,0.000000E+00,0.000000E+00,0.000000E+00,1.799806E+01,4.953090E+01,2.189063E+01,4.471575E+01,9.817712E+03,0.000000E+00,4.584728E-01,0.000000E+00,0.000000E+00,0.000000E+00,0.000000E+00,0.000000E+00,0.000000E+00,0.000000E+00,0.000000E+00,0.000000E+00,1.799748E+01,5.068597E+01,2.094132E+01,4.670978E+01,1.566571E+04,0.000000E+00,7.315656E-01,0.000000E+00,0.000000E+00,0.000000E+00,0.000000E+00,0.000000E+00,0.000000E+00,0.000000E+00,0.000000E+00,0.000000E+00,1.799773E+01,5.043127E+01,2.142712E+01,4.556827E+01
Peak,7.911750E+04,9.600406E+04,3.694672E+00,8.551137E+00,0.000000E+00,0.000000E+00,0.000000E+00,0.000000E+00,0.000000E+00,0.000000E+00,0.000000E+00,0.000000E+00,,,,,1.327629E+04,1.724137E+04,6.199833E-01,1.535699E+00,0.000000E+00,0.000000E+00,0.000000E+00,0.000000E+00,0.000000E+00,0.000000E+00,0.000000E+00,0.000000E+00,,,,,2.103240E+04,2.655923E+04,9.821824E-01,2.365646E+00,0.000000E+00,0.000000E+00,0.000000E+00,0.000000E+00,0.000000E+00,0.000000E+00,0.000000E+00,0.000000E+00,,,,

Peak Vol Flow (m3/s),,,3.494240E+00,8.087246E+00,,,0.000000E+00,0.000000E+00,,,,,,,,,,,5.863498E-01,1.452389E+00,,,0.000000E+00,0.000000E+00,,,,,,,,,,,9.288999E-01,2.237312E+00,,,0.000000E+00,0.000000E+00,,,,,,,,
