Time,SYS_3|MIXED|SHR>NONE|SC>DX|SH>C-E|SSF>CV|ZH>B-E|ZC>NONE|SRF>NONE|:DesPer 1:Des Heat Mass Flow [kg/s],SYS_3|MIXED|SHR>NONE|SC>DX|SH>C-E|SSF>CV|ZH>B-E|ZC>NONE|SRF>NONE|:DesPer 1:Des Heat Cap [W],SYS_3|MIXED|SHR>NONE|SC>DX|SH>C-E|SSF>CV|ZH>B-E|ZC>NONE|SRF>NONE|:DesPer 1:Des Cool Mass Flow [kg/s],SYS_3|MIXED|SHR>NONE|SC>DX|SH>C-E|SSF>CV|ZH>B-E|ZC>NONE|SRF>NONE|:DesPer 1:Des Sens Cool Cap [W],SYS_3|MIXED|SHR>NONE|SC>DX|SH>C-E|SSF>CV|ZH>B-E|ZC>NONE|SRF>NONE|:DesPer 1:Des Tot Cool Cap [W],SYS_3|MIXED|SHR>NONE|SC>DX|SH>C-E|SSF>CV|ZH>B-E|ZC>NONE|SRF>NONE|:DesPer 2:Des Heat Mass Flow [kg/s],SYS_3|MIXED|SHR>NONE|SC>DX|SH>C-E|SSF>CV|ZH>B-E|ZC>NONE|SRF>NONE|:DesPer 2:Des Heat Cap [W],SYS_3|MIXED|SHR>NONE|SC>DX|SH>C-E|SSF>CV|ZH>B-E|ZC>NONE|SRF>NONE|:DesPer 2:Des Cool Mass Flow [kg/s],SYS_3|MIXED|SHR>NONE|SC>DX|SH>C-E|SSF>CV|ZH>B-E|ZC>NONE|SRF>NONE|:DesPer 2:Des Sens Cool Cap [W],SYS_3|MIXED|SHR>NONE|SC>DX|SH>C-E|SSF>CV|ZH>B-E|ZC>NONE|SRF>NONE|:DesPer 2:Des Tot Cool Cap [W],SYS_3|MIXED|SHR>NONE|SC>DX|SH>C-E|SSF>CV|ZH>B-E|ZC>NONE|SRF>NONE|:DesPer 3:Des Heat Mass Flow [kg/s],SYS_3|MIXED|SHR>NONE|SC>DX|SH>C-E|SSF>CV|ZH>B-E|ZC>NONE|SRF>NONE|:DesPer 3:Des Heat Cap [W],SYS_3|MIXED|SHR>NONE|SC>DX|SH>C-E|SSF>CV|ZH>B-E|ZC>NONE|SRF>NONE|:DesPer 3:Des Cool Mass Flow [kg/s],SYS_3|MIXED|SHR>NONE|SC>DX|SH>C-E|SSF>CV|ZH>B-E|ZC>NONE|SRF>NONE|:DesPer 3:Des Sens Cool Cap [W],SYS_3|MIXED|SHR>NONE|SC>DX|SH>C-E|SSF>CV|ZH>B-E|ZC>NONE|SRF>NONE|:DesPer 3:Des Tot Cool Cap [W],SYS_3|MIXED|SHR>NONE|SC>DX|SH>C-E|SSF>CV|ZH>B-E|ZC>NONE|SRF>NONE| 1:DesPer 1:Des Heat Mass Flow [kg/s],SYS_3|MIXED|SHR>NONE|SC>DX|SH>C-E|SSF>CV|ZH>B-E|ZC>NONE|SRF>NONE| 1:DesPer 1:Des Heat Cap [W],SYS_3|MIXED|SHR>NONE|SC>DX|SH>C-E|SSF>CV|ZH>B-E|ZC>NONE|SRF>NONE| 1:DesPer 1:Des Cool Mass Flow [kg/s],SYS_3|MIXED|SHR>NONE|SC>DX|SH>C-E|SSF>CV|ZH>B-E|ZC>NONE|SRF>NONE| 1:DesPer 1:Des Sens Cool Cap [W],SYS_3|MIXED|SHR>NONE|SC>DX|SH>C-E|SSF>CV|ZH>B-E|ZC>NONE|SRF>NONE| 1:DesPer 1:Des Tot Cool Cap [W],SYS_3|MIXED|SHR>NONE|SC>DX|SH>C-E|SSF>CV|ZH>B-E|ZC>NONE|SRF>NONE| 1:DesPer 2:Des Heat Mass Flow [kg/s],SYS_3|MIXED|SHR>NONE|SC>DX|SH>C-E|SSF>CV|ZH>B-E|ZC>NONE|SRF>NONE| 1:DesPer 2:Des Heat Cap [W],SYS_3|MIXED|SHR>NONE|SC>DX|SH>C-E|SSF>CV|ZH>B-E|ZC>NONE|SRF>NONE| 1:DesPer 2:Des Cool Mass Flow [kg/s],SYS_3|MIXED|SHR>NONE|SC>DX|SH>C-E|SSF>CV|ZH>B-E|ZC>NONE|SRF>NONE| 1:DesPer 2:Des Sens Cool Cap [W],SYS_3|MIXED|SHR>NONE|SC>DX|SH>C-E|SSF>CV|ZH>B-E|ZC>NONE|SRF>NONE| 1:DesPer 2:Des Tot Cool Cap [W],SYS_3|MIXED|SHR>NONE|SC>DX|SH>C-E|SSF>CV|ZH>B-E|ZC>NONE|SRF>NONE| 1:DesPer 3:Des Heat Mass Flow [kg/s],SYS_3|MIXED|SHR>NONE|SC>DX|SH>C-E|SSF>CV|ZH>B-E|ZC>NONE|SRF>NONE| 1:DesPer 3:Des Heat Cap [W],SYS_3|MIXED|SHR>NONE|SC>DX|SH>C-E|SSF>CV|ZH>B-E|ZC>NONE|SRF>NONE| 1:DesPer 3:Des Cool Mass Flow [kg/s],SYS_3|MIXED|SHR>NONE|SC>DX|SH>C-E|SSF>CV|ZH>B-E|ZC>NONE|SRF>NONE| 1:DesPer 3:Des Sens Cool Cap [W],SYS_3|MIXED|SHR>NONE|SC>DX|SH>C-E|SSF>CV|ZH>B-E|ZC>NONE|SRF>NONE| 1:DesPer 3:Des Tot Cool Cap [W],SYS_3|MIXED|SHR>NONE|SC>DX|SH>C-E|SSF>CV|ZH>B-E|ZC>NONE|SRF>NONE| 2:DesPer 1:Des Heat Mass Flow [kg/s],SYS_3|MIXED|SHR>NONE|SC>DX|SH>C-E|SSF>CV|ZH>B-E|ZC>NONE|SRF>NONE| 2:DesPer 1:Des Heat Cap [W],SYS_3|MIXED|SHR>NONE|SC>DX|SH>C-E|SSF>CV|ZH>B-E|ZC>NONE|SRF>NONE| 2:DesPer 1:Des Cool Mass Flow [kg/s],SYS_3|MIXED|SHR>NONE|SC>DX|SH>C-E|SSF>CV|ZH>B-E|ZC>NONE|SRF>NONE| 2:DesPer 1:Des Sens Cool Cap [W],SYS_3|MIXED|SHR>NONE|SC>DX|SH>C-E|SSF>CV|ZH>B-E|ZC>NONE|SRF>NONE| 2:DesPer 1:Des Tot Cool Cap [W],SYS_3|MIXED|SHR>NONE|SC>DX|SH>C-E|SSF>CV|ZH>B-E|ZC>NONE|SRF>NONE| 2:DesPer 2:Des Heat Mass Flow [kg/s],SYS_3|MIXED|SHR>NONE|SC>DX|SH>C-E|SSF>CV|ZH>B-E|ZC>NONE|SRF>NONE| 2:DesPer 2:Des Heat Cap [W],SYS_3|MIXED|SHR>NONE|SC>DX|SH>C-E|SSF>CV|ZH>B-E|ZC>NONE|SRF>NONE| 2:DesPer 2:Des Cool Mass Flow [kg/s],SYS_3|MIXED|SHR>NONE|SC>DX|SH>C-E|SSF>CV|ZH>B-E|ZC>NONE|SRF>NONE| 2:DesPer 2:Des Sens Cool Cap [W],SYS_3|MIXED|SHR>NONE|SC>DX|SH>C-E|SSF>CV|ZH>B-E|ZC>NONE|SRF>NONE| 2:DesPer 2:Des Tot Cool Cap [W],SYS_3|MIXED|SHR>NONE|SC>DX|SH>C-E|SSF>CV|ZH>B-E|ZC>NONE|SRF>NONE| 2:DesPer 3:Des Heat Mass Flow [kg/s],SYS_3|MIXED|SHR>NONE|SC>DX|SH>C-E|SSF>CV|ZH>B-E|ZC>NONE|SRF>NONE| 2:DesPer 3:Des Heat Cap [W],SYS_3|MIXED|SHR>NONE|SC>DX|SH>C-E|SSF>CV|ZH>B-E|ZC>NONE|SRF>NONE| 2:DesPer 3:Des Cool Mass Flow [kg/s],SYS_3|MIXED|SHR>NONE|SC>DX|SH>C-E|SSF>CV|ZH>B-E|ZC>NONE|SRF>NONE| 2:DesPer 3:Des Sens Cool Cap [W],SYS_3|MIXED|SHR>NONE|SC>DX|SH>C-E|SSF>CV|ZH>B-E|ZC>NONE|SRF>NONE| 2:DesPer 3:Des Tot Cool Cap [W]
00:10:00,2.526282E+00,6.196363E+04,2.526282E+00,1.419307E+04,9.451251E+03,2.526282E+00,7.034086E+04,2.526282E+00,5.815833E+03,2.438816E+04,2.952369E+00,1.901807E+05,2.526282E+00,0.000000E+00,0.000000E+00,2.806980E-01,6.884847E+03,2.806980E-01,1.577008E+03,1.050139E+03,2.806980E-01,7.815651E+03,2.806980E-01,6.462037E+02,2.709795E+03,5.867979E-01,2.763224E+04,2.806980E-01,0.000000E+00,0.000000E+00,5.613961E-01,1.376969E+04,5.613961E-01,3.154015E+03,2.100278E+03,5.613961E-01,1.563130E+04,5.613961E-01,1.292407E+03,5.419590E+03,9.330733E-01,4.922148E+04,5.613961E-01,0.000000E+00,0.000000E+00
00:20:00,2.526282E+00,6.227587E+04,2.526282E+00,1.388083E+04,9.133354E+03,2.526282E+00,7.065311E+04,2.526282E+00,5.503591E+03,2.406806E+04,2.930273E+00,1.896256E+05,2.526282E+00,0.000000E+00,0.000000E+00,2.806980E-01,6.919541E+03,2.806980E-01,1.542314E+03,1.014817E+03,2.806980E-01,7.850345E+03,2.806980E-01,6.115101E+02,2.674228E+03,5.797554E-01,2.745531E+04,2.806980E-01,0.000000E+00,0.000000E+00,5.613961E-01,1.383908E+04,5.613961E-01,3.084628E+03,2.029634E+03,5.613961E-01,1.570069E+04,5.613961E-01,1.223020E+03,5.348457E+03,9.192822E-01,4.887501E+04,5.613961E-01,0.000000E+00,0.000000E+00
00:30:00,2.526282E+00,6.258811E+04,2.526282E+00,1.356858E+04,8.815456E+03,2.526282E+00,7.096535E+04,2.526282E+00,5.191348E+03,2.374794E+04,2.909020E+00,1.890916E+05,2.526282E+00,0.000000E+00,0.000000E+00,2.806980E-01,6.954235E+03,2.806980E-01,1.507621E+03,9.794951E+02,2.806980E-01,7.885039E+03,2.806980E-01,5.768165E+02,2.638660E+03,5.733463E-01,2.729430E+04,2.806980E-01,0.000000E+00,0.000000E+00,5.613961E-01,1.390847E+04,5.613961E-01,3.015241E+03,1.958990E+03,5.613961E-01,1.577008E+04,5.613961E-01,1.153633E+03,5.277320E+03,9.063075E-01,4.854905E+04,5.613961E-01,0.000000E+00,0.000000E+00
00:40:00,2.526282E+00,6.290035E+04,2.526282E+00,1.325634E+04,8.497560E+03,2.526282E+00,7.127759E+04,2.526282E+00,4.879106E+03,2.342782E+04,2.888760E+00,1.885826E+05,2.526282E+00,0.000000E+00,0.000000E+00,2.806980E-01,6.988928E+03,2.806980E-01,1.472927E+03,9.441733E+02,2.806980E-01,7.919732E+03,2.806980E-01,5.421229E+02,2.603091E+03,5.674563E-01,2.714633E+04,2.806980E-01,0.000000E+00,0.000000E+00,5.613961E-01,1.397786E+04,5.613961E-01,2.945854E+03,1.888347E+03,5.613961E-01,1.583946E+04,5.613961E-01,1.084246E+03,5.206182E+03,8.940692E-01,4.824160E+04,5.613961E-01,0.000000E+00,0.000000E+00
00:50:00,2.526282E+00,6.321260E+04,2.526282E+00,1.294410E+04,8.179705E+03,2.526282E+00,7.158983E+04,2.526282E+00,4.566863E+03,2.310770E+04,2.869259E+00,1.880927E+05,2.526282E+00,0.000000E+00,0.000000E+00,2.806980E-01,7.023622E+03,2.806980E-01,1.438233E+03,9.088561E+02,2.806980E-01,7.954426E+03,2.806980E-01,5.074292E+02,2.567522E+03,5.619341E-01,2.700760E+04,2.806980E-01,0.000000E+00,0.000000E+00,5.613961E-01,1.404724E+04,5.613961E-01,2.876467E+03,1.817712E+03,5.613961E-01,1.590885E+04,5.613961E-01,1.014858E+03,5.135045E+03,8.823326E-01,4.794674E+04,5.613961E-01,0.000000E+00,0.000000E+00
01:00:00,2.526282E+00,6.352484E+04,2.526282E+00,1.263186E+04,7.861812E+03,2.526282E+00,7.190208E+04,2.526282E+00,4.254621E+03,2.278759E+04,2.850352E+00,1.876177E+05,2.526282E+00,0.000000E+00,0.000000E+00,2.806980E-01,7.058315E+03,2.806980E-01,1.403540E+03,8.735347E+02,2.806980E-01,7.989120E+03,2.806980E-01,4.727356E+02,2.531954E+03,5.566765E-01,2.687552E+04,2.806980E-01,0.000000E+00,0.000000E+00,5.613961E-01,1.411663E+04,5.613961E-01,2.807079E+03,1.747069E+03,5.613961E-01,1.597824E+04,5.613961E-01,9.454713E+02,5.063908E+03,8.709471E-01,4.766070E+04,5.613961E-01,0.000000E+00,0.000000E+00
01:10:00,2.526282E+00,6.373300E+04,2.526282E+00,1.242370E+04,7.649884E+03,2.526282E+00,7.211024E+04,2.526282E+00,4.046459E+03,2.257418E+04,2.916169E+00,1.892713E+05,2.526282E+00,0.000000E+00,0.000000E+00,2.806980E-01,7.081445E+03,2.806980E-01,1.380411E+03,8.499871E+02,2.806980E-01,8.012249E+03,2.806980E-01,4.496066E+02,2.508242E+03,5.674724E-01,2.714676E+04,2.806980E-01,0.000000E+00,0.000000E+00,5.613961E-01,1.416289E+04,5.613961E-01,2.760821E+03,1.699974E+03,5.613961E-01,1.602450E+04,5.613961E-01,8.992131E+02,5.016483E+03,8.901188E-01,4.814239E+04,5.613961E-01,0.000000E+00,0.000000E+00
01:20:00,2.526282E+00,6.394116E+04,2.526282E+00,1.221553E+04,7.437955E+03,2.526282E+00,7.231840E+04,2.526282E+00,3.838298E+03,2.236076E+04,2.970612E+00,1.906391E+05,2.526282E+00,0.000000E+00,0.000000E+00,2.806980E-01,7.104574E+03,2.806980E-01,1.357282E+03,8.264394E+02,2.806980E-01,8.035378E+03,2.806980E-01,4.264775E+02,2.484529E+03,5.758430E-01,2.735706E+04,2.806980E-01,0.000000E+00,0.000000E+00,5.613961E-01,1.420915E+04,5.613961E-01,2.714563E+03,1.652879E+03,5.613961E-01,1.607076E+04,5.613961E-01,8.529550E+02,4.969059E+03,9.049384E-01,4.851471E+04,5.613961E-01,0.000000E+00,0.000000E+00
01:30:00,2.526282E+00,6.414932E+04,2.526282E+00,1.200737E+04,7.226027E+03,2.526282E+00,7.252656E+04,2.526282E+00,3.630136E+03,2.214736E+04,3.020834E+00,1.919008E+05,2.526282E+00,0.000000E+00,0.000000E+00,2.806980E-01,7.127703E+03,2.806980E-01,1.334152E+03,8.028919E+02,2.806980E-01,8.058507E+03,2.806980E-01,4.033484E+02,2.460817E+03,5.834021E-01,2.754696E+04,2.806980E-01,0.000000E+00,0.000000E+00,5.613961E-01,1.425541E+04,5.613961E-01,2.668305E+03,1.605784E+03,5.613961E-01,1.611701E+04,5.613961E-01,8.066969E+02,4.921635E+03,9.187943E-01,4.886281E+04,5.613961E-01,0.000000E+00,0.000000E+00
01:40:00,2.526282E+00,6.435749E+04,2.526282E+00,1.179921E+04,7.014100E+03,2.526282E+00,7.273472E+04,2.526282E+00,3.421974E+03,2.193396E+04,3.067276E+00,1.930676E+05,2.526282E+00,0.000000E+00,0.000000E+00,2.806980E-01,7.150832E+03,2.806980E-01,1.311023E+03,7.793444E+02,2.806980E-01,8.081636E+03,2.806980E-01,3.802194E+02,2.437107E+03,5.902961E-01,2.772016E+04,2.806980E-01,0.000000E+00,0.000000E+00,5.613961E-01,1.430166E+04,5.613961E-01,2.622047E+03,1.558689E+03,5.613961E-01,1.616327E+04,5.613961E-01,7.604387E+02,4.874214E+03,9.317930E-01,4.918937E+04,5.613961E-01,0.000000E+00,0.000000E+00
01:50:00,2.526282E+00,6.456565E+04,2.526282E+00,1.159105E+04,6.802174E+03,2.526282E+00,7.294288E+04,2.526282E+00,3.213813E+03,2.172056E+04,3.110766E+00,1.941602E+05,2.526282E+00,0.000000E+00,0.000000E+00,2.806980E-01,7.173961E+03,2.806980E-01,1.287894E+03,7.557971E+02,2.806980E-01,8.104765E+03,2.806980E-01,3.570903E+02,2.413395E+03,5.967060E-01,2.788119E+04,2.806980E-01,0.000000E+00,0.000000E+00,5.613961E-01,1.434792E+04,5.613961E-01,2.575789E+03,1.511594E+03,5.613961E-01,1.620953E+04,5.613961E-01,7.141806E+02,4.826790E+03,9.441929E-01,4.950089E+04,5.613961E-01,0.000000E+00,0.000000E+00
02:00:00,2.526282E+00,6.477381E+04,2.526282E+00,1.138289E+04,6.590246E+03,2.526282E+00,7.315105E+04,2.526282E+00,3.005651E+03,2.150715E+04,3.151959E+00,1.951951E+05,2.526282E+00,0.000000E+00,0.000000E+00,2.806980E-01,7.197090E+03,2.806980E-01,1.264765E+03,7.322496E+02,2.806980E-01,8.127894E+03,2.806980E-01,3.339612E+02,2.389683E+03,6.027616E-01,2.803332E+04,2.806980E-01,0.000000E+00,0.000000E+00,5.613961E-01,1.439418E+04,5.613961E-01,2.529531E+03,1.464499E+03,5.613961E-01,1.625579E+04,5.613961E-01,6.679224E+02,4.779367E+03,9.561672E-01,4.980172E+04,5.613961E-01,0.000000E+00,0.000000E+00
02:10:00,2.526282E+00,6.492993E+04,2.526282E+00,1.122677E+04,6.431283E+03,2.526282E+00,7.330717E+04,2.526282E+00,2.849530E+03,2.134709E+04,3.178459E+00,1.958608E+05,2.526282E+00,0.000000E+00,0.000000E+00,2.806980E-01,7.214437E+03,2.806980E-01,1.247418E+03,7.145870E+02,2.806980E-01,8.145241E+03,2.806980E-01,3.166144E+02,2.371899E+03,6.061550E-01,2.811857E+04,2.806980E-01,0.000000E+00,0.000000E+00,5.613961E-01,1.442887E+04,5.613961E-01,2.494837E+03,1.429174E+03,5.613961E-01,1.629048E+04,5.613961E-01,6.332288E+02,4.743798E+03,9.622525E-01,4.995460E+04,5.613961E-01,0.000000E+00,0.000000E+00
02:20:00,2.526282E+00,6.508605E+04,2.526282E+00,1.107065E+04,6.272360E+03,2.526282E+00,7.346329E+04,2.526282E+00,2.693409E+03,2.118704E+04,3.200837E+00,1.964230E+05,2.526282E+00,0.000000E+00,0.000000E+00,2.806980E-01,7.231783E+03,2.806980E-01,1.230072E+03,6.969288E+02,2.806980E-01,8.162588E+03,2.806980E-01,2.992676E+02,2.354115E+03,6.088822E-01,2.818707E+04,2.806980E-01,0.000000E+00,0.000000E+00,5.613961E-01,1.446357E+04,5.613961E-01,2.460143E+03,1.393858E+03,5.613961E-01,1.632518E+04,5.613961E-01,5.985352E+02,4.708230E+03,9.670823E-01,5.007593E+04,5.613961E-01,0.000000E+00,0.000000E+00
02:30:00,2.526282E+00,6.524217E+04,2.526282E+00,1.091452E+04,6.113434E+03,2.526282E+00,7.361941E+04,2.526282E+00,2.537287E+03,2.097162E+04,3.220957E+00,1.969285E+05,2.526282E+00,0.000000E+00,0.000000E+00,2.806980E-01,7.249130E+03,2.806980E-01,1.212725E+03,6.792705E+02,2.806980E-01,8.179934E+03,2.806980E-01,2.819208E+02,2.330180E+03,6.112928E-01,2.824763E+04,2.806980E-01,0.000000E+00,0.000000E+00,5.613961E-01,1.449826E+04,5.613961E-01,2.425450E+03,1.358541E+03,5.613961E-01,1.635987E+04,5.613961E-01,5.638416E+02,4.660360E+03,9.714916E-01,5.018669E+04,5.613961E-01,0.000000E+00,0.000000E+00
02:40:00,2.526282E+00,6.539829E+04,2.526282E+00,1.075840E+04,5.954470E+03,2.526282E+00,7.377553E+04,2.526282E+00,2.381166E+03,2.051741E+04,3.239224E+00,1.973874E+05,2.526282E+00,0.000000E+00,0.000000E+00,2.806980E-01,7.266477E+03,2.806980E-01,1.195378E+03,6.616078E+02,2.806980E-01,8.197281E+03,2.806980E-01,2.645740E+02,2.279712E+03,6.134539E-01,2.830192E+04,2.806980E-01,0.000000E+00,0.000000E+00,5.613961E-01,1.453295E+04,5.613961E-01,2.390756E+03,1.323216E+03,5.613961E-01,1.639456E+04,5.613961E-01,5.291480E+02,4.559425E+03,9.755611E-01,5.028892E+04,5.613961E-01,0.000000E+00,0.000000E+00
02:50:00,2.526282E+00,6.555442E+04,2.526282E+00,1.060228E+04,5.795548E+03,2.526282E+00,7.393165E+04,2.526282E+00,2.225045E+03,2.006430E+04,3.256087E+00,1.978111E+05,2.526282E+00,0.000000E+00,0.000000E+00,2.806980E-01,7.283824E+03,2.806980E-01,1.178031E+03,6.439497E+02,2.806980E-01,8.214628E+03,2.806980E-01,2.472272E+02,2.229367E+03,6.154343E-01,2.835167E+04,2.806980E-01,0.000000E+00,0.000000E+00,5.613961E-01,1.456765E+04,5.613961E-01,2.356063E+03,1.287899E+03,5.613961E-01,1.642926E+04,5.613961E-01,4.944544E+02,4.458734E+03,9.793948E-01,5.038523E+04,5.613961E-01,0.000000E+00,0.000000E+00
03:00:00,2.526282E+00,6.571054E+04,2.526282E+00,1.044616E+04,5.636584E+03,2.526282E+00,7.408777E+04,2.526282E+00,2.068924E+03,1.961230E+04,3.271859E+00,1.982073E+05,2.526282E+00,0.000000E+00,0.000000E+00,2.806980E-01,7.301171E+03,2.806980E-01,1.160684E+03,6.262871E+02,2.806980E-01,8.231975E+03,2.806980E-01,2.298804E+02,2.179144E+03,6.172812E-01,2.839807E+04,2.806980E-01,0.000000E+00,0.000000E+00,5.613961E-01,1.460234E+04,5.613961E-01,2.321369E+03,1.252574E+03,5.613961E-01,1.646395E+04,5.613961E-01,4.597608E+02,4.358288E+03,9.830597E-01,5.047730E+04,5.613961E-01,0.000000E+00,0.000000E+00
03:10:00,2.526282E+00,6.586666E+04,2.526282E+00,1.029004E+04,5.477661E+03,2.526282E+00,7.424389E+04,2.526282E+00,1.912802E+03,1.916139E+04,3.282218E+00,1.984675E+05,2.526282E+00,0.000000E+00,0.000000E+00,2.806980E-01,7.318518E+03,2.806980E-01,1.143338E+03,6.086290E+02,2.806980E-01,8.249322E+03,2.806980E-01,2.125336E+02,2.129043E+03,6.183845E-01,2.842578E+04,2.806980E-01,0.000000E+00,0.000000E+00,5.613961E-01,1.463704E+04,5.613961E-01,2.286675E+03,1.217258E+03,5.613961E-01,1.649864E+04,5.613961E-01,4.250672E+02,4.258086E+03,9.849805E-01,5.052555E+04,5.613961E-01,0.000000E+00,0.000000E+00
03:20:00,2.526282E+00,6.602278E+04,2.526282E+00,1.013392E+04,5.318697E+03,2.526282E+00,7.440002E+04,2.526282E+00,1.756681E+03,1.871156E+04,3.290997E+00,1.986881E+05,2.526282E+00,0.000000E+00,0.000000E+00,2.806980E-01,7.335864E+03,2.806980E-01,1.125991E+03,5.909664E+02,2.806980E-01,8.266668E+03,2.806980E-01,1.951868E+02,2.079063E+03,6.192920E-01,2.844858E+04,2.806980E-01,0.000000E+00,0.000000E+00,5.613961E-01,1.467173E+04,5.613961E-01,2.251982E+03,1.181933E+03,5.613961E-01,1.653334E+04,5.613961E-01,3.903736E+02,4.158125E+03,9.865582E-01,5.056518E+04,5.613961E-01,0.000000E+00,0.000000E+00
03:30:00,2.526282E+00,6.617890E+04,2.526282E+00,9.977797E+03,5.159776E+03,2.526282E+00,7.455614E+04,2.526282E+00,1.600560E+03,1.826283E+04,3.298848E+00,1.988853E+05,2.526282E+00,0.000000E+00,0.000000E+00,2.806980E-01,7.353211E+03,2.806980E-01,1.108644E+03,5.733085E+02,2.806980E-01,8.284015E+03,2.806980E-01,1.778400E+02,2.029203E+03,6.200903E-01,2.846863E+04,2.806980E-01,0.000000E+00,0.000000E+00,5.613961E-01,1.470642E+04,5.613961E-01,2.217288E+03,1.146617E+03,5.613961E-01,1.656803E+04,5.613961E-01,3.556800E+02,4.058407E+03,9.879879E-01,5.060110E+04,5.613961E-01,0.000000E+00,0.000000E+00
03:40:00,2.526282E+00,6.633502E+04,2.526282E+00,9.821675E+03,5.000814E+03,2.526282E+00,7.471226E+04,2.526282E+00,1.444439E+03,1.781518E+04,3.305943E+00,1.990636E+05,2.526282E+00,0.000000E+00,0.000000E+00,2.806980E-01,7.370558E+03,2.806980E-01,1.091297E+03,5.556460E+02,2.806980E-01,8.301362E+03,2.806980E-01,1.604932E+02,1.979464E+03,6.208049E-01,2.848658E+04,2.806980E-01,0.000000E+00,0.000000E+00,5.613961E-01,1.474112E+04,5.613961E-01,2.182595E+03,1.111292E+03,5.613961E-01,1.660272E+04,5.613961E-01,3.209864E+02,3.958929E+03,9.893035E-01,5.063415E+04,5.613961E-01,0.000000E+00,0.000000E+00
03:50:00,2.526282E+00,6.649114E+04,2.526282E+00,9.665554E+03,4.841894E+03,2.526282E+00,7.486838E+04,2.526282E+00,1.288317E+03,1.736861E+04,3.312466E+00,1.992274E+05,2.526282E+00,0.000000E+00,0.000000E+00,2.806980E-01,7.387905E+03,2.806980E-01,1.073950E+03,5.379882E+02,2.806980E-01,8.318709E+03,2.806980E-01,1.431464E+02,1.929846E+03,6.214586E-01,2.850301E+04,2.806980E-01,0.000000E+00,0.000000E+00,5.613961E-01,1.477581E+04,5.613961E-01,2.147901E+03,1.075976E+03,5.613961E-01,1.663742E+04,5.613961E-01,2.862928E+02,3.859691E+03,9.905400E-01,5.066521E+04,5.613961E-01,0.000000E+00,0.000000E+00
04:00:00,2.526282E+00,6.664726E+04,2.526282E+00,9.509433E+03,4.682930E+03,2.526282E+00,7.502450E+04,2.526282E+00,1.132196E+03,1.692312E+04,3.318554E+00,1.993804E+05,2.526282E+00,0.000000E+00,0.000000E+00,2.806980E-01,7.405252E+03,2.806980E-01,1.056604E+03,5.203256E+02,2.806980E-01,8.336056E+03,2.806980E-01,1.257996E+02,1.880346E+03,6.220677E-01,2.851831E+04,2.806980E-01,0.000000E+00,0.000000E+00,5.613961E-01,1.481050E+04,5.613961E-01,2.113207E+03,1.040651E+03,5.613961E-01,1.667211E+04,5.613961E-01,2.515992E+02,3.760693E+03,9.917202E-01,5.069486E+04,5.613961E-01,0.000000E+00,0.000000E+00
04:10:00,2.526282E+00,6.675134E+04,2.526282E+00,9.405352E+03,4.576971E+03,2.526282E+00,7.512858E+04,2.526282E+00,1.028115E+03,1.662672E+04,3.322587E+00,1.994817E+05,2.526282E+00,0.000000E+00,0.000000E+00,2.806980E-01,7.416816E+03,2.806980E-01,1.045039E+03,5.085523E+02,2.806980E-01,8.347620E+03,2.806980E-01,1.142350E+02,1.847413E+03,6.224520E-01,2.852796E+04,2.806980E-01,0.000000E+00,0.000000E+00,5.613961E-01,1.483363E+04,5.613961E-01,2.090078E+03,1.017105E+03,5.613961E-01,1.669524E+04,5.613961E-01,2.284701E+02,3.694826E+03,9.923850E-01,5.071156E+04,5.613961E-01,0.000000E+00,0.000000E+00
04:20:00,2.526282E+00,6.685543E+04,2.526282E+00,9.301271E+03,4.471010E+03,2.526282E+00,7.523266E+04,2.526282E+00,9.240346E+02,1.633080E+04,3.326003E+00,1.995675E+05,2.526282E+00,0.000000E+00,0.000000E+00,2.806980E-01,7.428381E+03,2.806980E-01,1.033475E+03,4.967788E+02,2.806980E-01,8.359185E+03,2.806980E-01,1.026705E+02,1.814533E+03,6.227715E-01,2.853599E+04,2.806980E-01,0.000000E+00,0.000000E+00,5.613961E-01,1.485676E+04,5.613961E-01,2.066949E+03,9.935577E+02,5.613961E-01,1.671837E+04,5.613961E-01,2.053410E+02,3.629066E+03,9.929325E-01,5.072531E+04,5.613961E-01,0.000000E+00,0.000000E+00
04:30:00,2.526282E+00,6.695951E+04,2.526282E+00,9.197190E+03,4.365048E+03,2.526282E+00,7.533674E+04,2.526282E+00,8.199538E+02,1.603535E+04,3.329060E+00,1.996443E+05,2.526282E+00,0.000000E+00,0.000000E+00,2.806980E-01,7.439945E+03,2.806980E-01,1.021910E+03,4.850053E+02,2.806980E-01,8.370749E+03,2.806980E-01,9.110597E+01,1.781706E+03,6.230551E-01,2.854311E+04,2.806980E-01,0.000000E+00,0.000000E+00,5.613961E-01,1.487989E+04,5.613961E-01,2.043820E+03,9.700106E+02,5.613961E-01,1.674150E+04,5.613961E-01,1.822119E+02,3.563411E+03,9.934308E-01,5.073783E+04,5.613961E-01,0.000000E+00,0.000000E+00
04:40:00,2.526282E+00,6.706359E+04,2.526282E+00,9.093110E+03,4.259088E+03,2.526282E+00,7.544082E+04,2.526282E+00,7.158729E+02,1.574037E+04,3.331855E+00,1.997145E+05,2.526282E+00,0.000000E+00,0.000000E+00,2.806980E-01,7.451510E+03,2.806980E-01,1.010346E+03,4.732320E+02,2.806980E-01,8.382314E+03,2.806980E-01,7.954144E+01,1.748930E+03,6.233131E-01,2.854959E+04,2.806980E-01,0.000000E+00,0.000000E+00,5.613961E-01,1.490302E+04,5.613961E-01,2.020691E+03,9.464641E+02,5.613961E-01,1.676463E+04,5.613961E-01,1.590829E+02,3.497861E+03,9.938944E-01,5.074947E+04,5.613961E-01,0.000000E+00,0.000000E+00
04:50:00,2.526282E+00,6.716767E+04,2.526282E+00,8.989029E+03,4.153126E+03,2.526282E+00,7.554490E+04,2.526282E+00,6.117921E+02,1.544587E+04,3.334419E+00,1.997789E+05,2.526282E+00,0.000000E+00,0.000000E+00,2.806980E-01,7.463074E+03,2.806980E-01,9.987810E+02,4.614585E+02,2.806980E-01,8.393878E+03,2.806980E-01,6.797690E+01,1.716208E+03,6.235501E-01,2.855554E+04,2.806980E-01,0.000000E+00,0.000000E+00,5.613961E-01,1.492615E+04,5.613961E-01,1.997562E+03,9.229170E+02,5.613961E-01,1.678776E+04,5.613961E-01,1.359538E+02,3.432416E+03,9.943307E-01,5.076043E+04,5.613961E-01,0.000000E+00,0.000000E+00
05:00:00,2.526282E+00,6.727175E+04,2.526282E+00,8.884948E+03,4.047209E+03,2.526282E+00,7.564899E+04,2.526282E+00,5.077113E+02,1.515184E+04,3.336810E+00,1.998390E+05,2.526282E+00,0.000000E+00,0.000000E+00,2.806980E-01,7.474639E+03,2.806980E-01,9.872164E+02,4.496899E+02,2.806980E-01,8.405443E+03,2.806980E-01,5.641237E+01,1.683538E+03,6.237716E-01,2.856111E+04,2.806980E-01,0.000000E+00,0.000000E+00,5.613961E-01,1.494928E+04,5.613961E-01,1.974433E+03,8.993797E+02,5.613961E-01,1.681089E+04,5.613961E-01,1.128247E+02,3.367076E+03,9.947479E-01,5.077091E+04,5.613961E-01,0.000000E+00,0.000000E+00
05:10:00,2.526282E+00,6.716767E+04,2.526282E+00,8.989029E+03,4.153126E+03,2.526282E+00,7.554490E+04,2.526282E+00,6.117921E+02,1.544587E+04,3.338456E+00,1.998803E+05,2.526282E+00,0.000000E+00,0.000000E+00,2.806980E-01,7.463074E+03,2.806980E-01,9.987810E+02,4.614585E+02,2.806980E-01,8.393878E+03,2.806980E-01,6.797690E+01,1.716208E+03,6.239236E-01,2.856493E+04,2.806980E-01,0.000000E+00,0.000000E+00,5.613961E-01,1.492615E+04,5.613961E-01,1.997562E+03,9.229170E+02,5.613961E-01,1.678776E+04,5.613961E-01,1.359538E+02,3.432416E+03,9.950081E-01,5.077745E+04,5.613961E-01,0.000000E+00,0.000000E+00
05:20:00,2.526282E+00,6.706359E+04,2.526282E+00,9.093110E+03,4.259088E+03,2.526282E+00,7.544082E+04,2.526282E+00,7.158729E+02,1.574037E+04,3.339851E+00,1.999154E+05,2.526282E+00,0.000000E+00,0.000000E+00,2.806980E-01,7.451510E+03,2.806980E-01,1.010346E+03,4.732320E+02,2.806980E-01,8.382314E+03,2.806980E-01,7.954144E+01,1.748930E+03,6.240527E-01,2.856817E+04,2.806980E-01,0.000000E+00,0.000000E+00,5.613961E-01,1.490302E+04,5.613961E-01,2.020691E+03,9.464641E+02,5.613961E-01,1.676463E+04,5.613961E-01,1.590829E+02,3.497861E+03,9.952280E-01,5.078297E+04,5.613961E-01,0.000000E+00,0.000000E+00
05:30:00,2.526282E+00,6.695951E+04,2.526282E+00,9.197190E+03,4.365048E+03,2.526282E+00,7.533674E+04,2.526282E+00,8.199538E+02,1.603535E+04,3.341100E+00,1.999468E+05,2.526282E+00,0.000000E+00,0.000000E+00,2.806980E-01,7.439945E+03,2.806980E-01,1.021910E+03,4.850053E+02,2.806980E-01,8.370749E+03,2.806980E-01,9.110597E+01,1.781706E+03,6.241690E-01,2.857109E+04,2.806980E-01,0.000000E+00,0.000000E+00,5.613961E-01,1.487989E+04,5.613961E-01,2.043820E+03,9.700106E+02,5.613961E-01,1.674150E+04,5.613961E-01,1.822119E+02,3.563411E+03,9.954307E-01,5.078806E+04,5.613961E-01,0.000000E+00,0.000000E+00
05:40:00,2.526282E+00,6.685543E+04,2.526282E+00,9.301271E+03,4.471010E+03,2.526282E+00,7.523266E+04,2.526282E+00,9.240346E+02,1.633080E+04,3.342243E+00,1.999755E+05,2.526282E+00,0.000000E+00,0.000000E+00,2.806980E-01,7.428381E+03,2.806980E-01,1.033475E+03,4.967788E+02,2.806980E-01,8.359185E+03,2.806980E-01,1.026705E+02,1.814533E+03,6.242761E-01,2.857378E+04,2.806980E-01,0.000000E+00,0.000000E+00,5.613961E-01,1.485676E+04,5.613961E-01,2.066949E+03,9.935577E+02,5.613961E-01,1.671837E+04,5.613961E-01,2.053410E+02,3.629066E+03,9.956215E-01,5.079286E+04,5.613961E-01,0.000000E+00,0.000000E+00
05:50:00,2.526282E+00,6.675134E+04,2.526282E+00,9.405352E+03,4.576971E+03,2.526282E+00,7.512858E+04,2.526282E+00,1.028115E+03,1.662672E+04,3.343331E+00,2.000028E+05,2.526282E+00,0.000000E+00,0.000000E+00,2.806980E-01,7.416816E+03,2.806980E-01,1.045039E+03,5.085523E+02,2.806980E-01,8.347620E+03,2.806980E-01,1.142350E+02,1.847413E+03,6.243787E-01,2.857636E+04,2.806980E-01,0.000000E+00,0.000000E+00,5.613961E-01,1.483363E+04,5.613961E-01,2.090078E+03,1.017105E+03,5.613961E-01,1.669524E+04,5.613961E-01,2.284701E+02,3.694826E+03,9.958067E-01,5.079751E+04,5.613961E-01,0.000000E+00,0.000000E+00
06:00:00,2.526282E+00,6.664726E+04,2.526282E+00,9.509433E+03,4.682930E+03,2.526282E+00,7.502450E+04,2.526282E+00,1.132196E+03,1.692312E+04,3.344370E+00,2.000289E+05,2.526282E+00,0.000000E+00,0.000000E+00,2.806980E-01,7.405252E+03,2.806980E-01,1.056604E+03,5.203256E+02,2.806980E-01,8.336056E+03,2.806980E-01,1.257996E+02,1.880346E+03,6.244773E-01,2.857884E+04,2.806980E-01,0.000000E+00,0.000000E+00,5.613961E-01,1.481050E+04,5.613961E-01,2.113207E+03,1.040651E+03,5.613961E-01,1.667211E+04,5.613961E-01,2.515992E+02,3.760693E+03,9.959869E-01,5.080204E+04,5.613961E-01,0.000000E+00,0.000000E+00
06:10:00,2.526282E+00,6.628298E+04,2.526282E+00,9.873716E+03,5.053814E+03,2.526282E+00,7.466022E+04,2.526282E+00,1.496479E+03,1.796428E+04,3.345125E+00,2.000479E+05,2.526282E+00,0.000000E+00,0.000000E+00,2.806980E-01,7.364776E+03,2.806980E-01,1.097080E+03,5.615349E+02,2.806980E-01,8.295580E+03,2.806980E-01,1.662755E+02,1.996031E+03,6.245522E-01,2.858072E+04,2.806980E-01,0.000000E+00,0.000000E+00,5.613961E-01,1.472955E+04,5.613961E-01,2.194159E+03,1.123070E+03,5.613961E-01,1.659116E+04,5.613961E-01,3.325509E+02,3.992062E+03,9.961156E-01,5.080527E+04,5.613961E-01,0.000000E+00,0.000000E+00
06:20:00,2.526282E+00,6.591870E+04,2.526282E+00,1.023800E+04,5.424660E+03,2.526282E+00,7.429593E+04,2.526282E+00,1.860762E+03,1.901132E+04,3.345802E+00,2.000649E+05,2.526282E+00,0.000000E+00,0.000000E+00,2.806980E-01,7.324300E+03,2.806980E-01,1.137555E+03,6.027400E+02,2.806980E-01,8.255104E+03,2.806980E-01,2.067513E+02,2.112369E+03,6.246208E-01,2.858244E+04,2.806980E-01,0.000000E+00,0.000000E+00,5.613961E-01,1.464860E+04,5.613961E-01,2.275111E+03,1.205480E+03,5.613961E-01,1.651021E+04,5.613961E-01,4.135027E+02,4.224739E+03,9.962331E-01,5.080822E+04,5.613961E-01,0.000000E+00,0.000000E+00
06:30:00,2.526282E+00,6.555442E+04,2.526282E+00,1.060228E+04,5.795548E+03,2.526282E+00,7.393165E+04,2.526282E+00,2.225045E+03,2.006430E+04,3.346434E+00,2.000808E+05,2.526282E+00,0.000000E+00,0.000000E+00,2.806980E-01,7.283824E+03,2.806980E-01,1.178031E+03,6.439497E+02,2.806980E-01,8.214628E+03,2.806980E-01,2.472272E+02,2.229367E+03,6.246856E-01,2.858407E+04,2.806980E-01,0.000000E+00,0.000000E+00,5.613961E-01,1.456765E+04,5.613961E-01,2.356063E+03,1.287899E+03,5.613961E-01,1.642926E+04,5.613961E-01,4.944544E+02,4.458734E+03,9.963455E-01,5.081105E+04,5.613961E-01,0.000000E+00,0.000000E+00
06:40:00,2.526282E+00,6.519013E+04,2.526282E+00,1.096656E+04,6.166396E+03,2.526282E+00,7.356737E+04,2.526282E+00,2.589328E+03,2.108033E+04,3.347026E+00,2.000956E+05,2.526282E+00,0.000000E+00,0.000000E+00,2.806980E-01,7.243348E+03,2.806980E-01,1.218507E+03,6.851551E+02,2.806980E-01,8.174152E+03,2.806980E-01,2.877031E+02,2.342259E+03,6.247473E-01,2.858562E+04,2.806980E-01,0.000000E+00,0.000000E+00,5.613961E-01,1.448670E+04,5.613961E-01,2.437014E+03,1.370310E+03,5.613961E-01,1.634830E+04,5.613961E-01,5.754062E+02,4.684519E+03,9.964536E-01,5.081376E+04,5.613961E-01,0.000000E+00,0.000000E+00
06:50:00,2.526282E+00,6.482585E+04,2.526282E+00,1.133085E+04,6.537246E+03,2.526282E+00,7.320309E+04,2.526282E+00,2.953611E+03,2.145379E+04,3.347587E+00,2.001097E+05,2.526282E+00,0.000000E+00,0.000000E+00,2.806980E-01,7.202872E+03,2.806980E-01,1.258983E+03,7.263606E+02,2.806980E-01,8.133676E+03,2.806980E-01,3.281789E+02,2.383755E+03,6.248065E-01,2.858711E+04,2.806980E-01,0.000000E+00,0.000000E+00,5.613961E-01,1.440574E+04,5.613961E-01,2.517966E+03,1.452721E+03,5.613961E-01,1.626735E+04,5.613961E-01,6.563579E+02,4.767510E+03,9.965587E-01,5.081640E+04,5.613961E-01,0.000000E+00,0.000000E+00
07:00:00,2.526282E+00,6.446157E+04,2.526282E+00,1.169513E+04,6.908137E+03,2.526282E+00,7.283880E+04,2.526282E+00,3.317893E+03,2.182726E+04,3.348123E+00,2.001232E+05,2.526282E+00,0.000000E+00,0.000000E+00,2.806980E-01,7.162396E+03,2.806980E-01,1.299459E+03,7.675708E+02,2.806980E-01,8.093200E+03,2.806980E-01,3.686548E+02,2.425251E+03,6.248639E-01,2.858855E+04,2.806980E-01,0.000000E+00,0.000000E+00,5.613961E-01,1.432479E+04,5.613961E-01,2.598918E+03,1.535142E+03,5.613961E-01,1.618640E+04,5.613961E-01,7.373096E+02,4.850502E+03,9.966615E-01,5.081898E+04,5.613961E-01,0.000000E+00,0.000000E+00
07:10:00,2.526282E+00,6.357688E+04,2.526282E+00,1.257982E+04,7.808809E+03,2.526282E+00,7.195412E+04,2.526282E+00,4.202580E+03,2.273423E+04,3.925637E+00,2.143970E+05,2.526282E+00,0.000000E+00,0.000000E+00,2.806980E-01,7.064098E+03,2.806980E-01,1.397757E+03,8.676454E+02,2.806980E-01,7.994902E+03,2.806980E-01,4.669534E+02,2.526026E+03,6.932098E-01,3.021157E+04,2.806980E-01,0.000000E+00,0.000000E+00,5.613961E-01,1.412820E+04,5.613961E-01,2.795515E+03,1.735291E+03,5.613961E-01,1.598980E+04,5.613961E-01,9.339067E+02,5.052052E+03,1.122356E+00,5.384655E+04,5.613961E-01,0.000000E+00,0.000000E+00
07:20:00,2.526282E+00,6.269219E+04,2.526282E+00,1.346450E+04,8.709491E+03,2.526282E+00,7.106943E+04,2.526282E+00,5.087267E+03,2.364123E+04,3.796639E+00,2.107520E+05,2.526282E+00,0.000000E+00,0.000000E+00,2.806980E-01,6.965799E+03,2.806980E-01,1.496056E+03,9.677212E+02,2.806980E-01,7.896603E+03,2.806980E-01,5.652519E+02,2.626803E+03,6.843117E-01,2.985474E+04,2.806980E-01,0.000000E+00,0.000000E+00,5.613961E-01,1.393160E+04,5.613961E-01,2.992112E+03,1.935442E+03,5.613961E-01,1.579321E+04,5.613961E-01,1.130504E+03,5.253607E+03,1.089884E+00,5.286112E+04,5.613961E-01,0.000000E+00,0.000000E+00
07:30:00,2.526282E+00,6.180751E+04,2.526282E+00,1.434919E+04,9.610221E+03,2.526282E+00,7.018474E+04,2.526282E+00,5.971954E+03,2.454822E+04,4.102641E+00,2.177576E+05,2.526282E+00,0.000000E+00,0.000000E+00,2.806980E-01,6.867501E+03,3.216366E-01,2.037868E+03,1.476981E+03,2.806980E-01,7.798305E+03,2.806980E-01,6.635505E+02,2.727580E+03,7.193417E-01,3.056812E+04,2.806980E-01,0.000000E+00,0.000000E+00,5.613961E-01,1.373500E+04,5.613961E-01,3.188709E+03,2.135605E+03,5.613961E-01,1.559661E+04,5.613961E-01,1.327101E+03,5.455159E+03,1.151504E+00,5.417653E+04,5.613961E-01,0.000000E+00,0.000000E+00
07:40:00,2.526282E+00,6.092282E+04,2.526282E+00,1.523388E+04,1.051092E+04,2.526282E+00,6.930006E+04,2.526282E+00,6.856641E+03,2.545523E+04,4.286910E+00,2.216429E+05,2.526282E+00,0.000000E+00,0.000000E+00,2.806980E-01,6.769202E+03,4.448136E-01,3.502265E+03,2.858441E+03,2.806980E-01,7.700006E+03,3.324613E-01,1.310962E+03,3.542152E+03,7.421124E-01,3.096520E+04,2.806980E-01,0.000000E+00,0.000000E+00,5.613961E-01,1.353840E+04,5.613961E-01,3.385306E+03,2.335760E+03,5.613961E-01,1.540001E+04,5.613961E-01,1.523698E+03,5.656718E+03,1.188537E+00,5.486346E+04,5.613961E-01,0.000000E+00,0.000000E+00
07:50:00,2.526282E+00,6.003813E+04,2.526282E+00,1.611856E+04,1.141162E+04,2.526282E+00,6.841537E+04,2.526282E+00,7.741328E+03,2.636225E+04,4.461815E+00,2.251836E+05,2.526282E+00,0.000000E+00,0.000000E+00,2.806980E-01,6.670904E+03,5.738305E-01,5.033683E+03,4.373611E+03,2.806980E-01,7.601708E+03,4.420086E-01,2.606986E+03,5.074458E+03,7.634762E-01,3.131389E+04,2.806980E-01,0.000000E+00,0.000000E+00,5.613961E-01,1.334181E+04,5.613961E-01,3.581903E+03,2.535916E+03,5.613961E-01,1.520342E+04,5.613961E-01,1.720295E+03,5.858279E+03,1.224190E+00,5.549305E+04,5.613961E-01,0.000000E+00,0.000000E+00
08:00:00,2.526282E+00,5.915344E+04,2.526282E+00,1.700325E+04,1.231238E+04,2.526282E+00,6.753068E+04,2.526282E+00,8.626015E+03,2.726926E+04,4.628694E+00,2.284203E+05,2.526282E+00,0.000000E+00,0.000000E+00,2.806980E-01,6.572605E+03,7.077439E-01,6.611949E+03,5.975624E+03,2.806980E-01,7.503409E+03,5.566666E-01,3.996250E+03,6.588657E+03,7.839202E-01,3.162690E+04,2.806980E-01,0.000000E+00,0.000000E+00,5.613961E-01,1.314521E+04,5.613961E-01,3.778500E+03,2.736084E+03,5.613961E-01,1.500682E+04,5.613961E-01,1.916892E+03,6.059836E+03,1.258805E+00,5.607467E+04,5.613961E-01,0.000000E+00,0.000000E+00
08:10:00,2.526282E+00,5.816468E+04,2.526282E+00,1.799202E+04,1.331907E+04,2.526282E+00,6.654191E+04,2.526282E+00,9.614783E+03,2.828299E+04,4.699610E+00,2.291998E+05,2.526282E+00,0.000000E+00,0.000000E+00,2.806980E-01,6.462742E+03,8.016797E-01,7.758142E+03,7.190455E+03,2.806980E-01,7.393546E+03,6.754808E-01,5.429353E+03,8.024860E+03,7.921485E-01,3.164743E+04,2.806980E-01,0.000000E+00,0.000000E+00,5.613961E-01,1.292548E+04,5.613961E-01,3.998227E+03,2.959793E+03,5.613961E-01,1.478709E+04,5.613961E-01,2.136618E+03,6.285108E+03,1.268404E+00,5.606137E+04,5.613961E-01,0.000000E+00,0.000000E+00
08:20:00,2.526282E+00,5.717591E+04,2.526282E+00,1.898079E+04,1.432577E+04,2.526282E+00,6.555315E+04,2.526282E+00,1.060355E+04,2.929672E+04,4.749345E+00,2.295931E+05,2.526282E+00,0.000000E+00,0.000000E+00,2.806980E-01,6.352879E+03,8.941794E-01,8.890454E+03,8.343556E+03,2.806980E-01,7.283683E+03,7.792481E-01,6.687944E+03,9.347902E+03,7.978703E-01,3.160515E+04,2.806980E-01,0.000000E+00,0.000000E+00,5.613961E-01,1.270576E+04,5.613961E-01,4.217953E+03,3.183505E+03,5.613961E-01,1.456737E+04,5.613961E-01,2.356345E+03,6.510382E+03,1.273783E+00,5.594584E+04,5.613961E-01,0.000000E+00,0.000000E+00
08:30:00,2.526282E+00,5.618714E+04,2.526282E+00,1.996956E+04,1.533248E+04,2.526282E+00,6.456438E+04,2.526282E+00,1.159232E+04,3.031050E+04,4.773739E+00,2.293902E+05,2.526282E+00,0.000000E+00,0.000000E+00,2.806980E-01,6.243016E+03,9.842417E-01,9.995849E+03,9.466221E+03,2.806980E-01,7.173820E+03,8.783800E-01,7.893398E+03,1.061352E+04,8.010274E-01,3.150205E+04,2.806980E-01,0.000000E+00,0.000000E+00,5.613961E-01,1.248603E+04,5.613961E-01,4.437679E+03,3.407218E+03,5.613961E-01,1.434764E+04,5.613961E-01,2.576071E+03,6.735668E+03,1.275739E+00,5.575064E+04,5.613961E-01,0.000000E+00,0.000000E+00
08:40:00,2.526282E+00,5.519837E+04,2.526282E+00,2.095832E+04,1.633924E+04,2.526282E+00,6.357561E+04,2.526282E+00,1.258109E+04,3.132425E+04,4.790995E+00,2.290148E+05,2.526282E+00,0.000000E+00,0.000000E+00,2.806980E-01,6.133153E+03,1.074075E+00,1.109861E+04,1.060441E+04,2.806980E-01,7.063957E+03,9.743246E-01,9.063837E+03,1.177947E+04,8.034088E-01,3.137985E+04,2.806980E-01,0.000000E+00,0.000000E+00,5.613961E-01,1.226631E+04,5.613961E-01,4.657405E+03,3.630943E+03,5.613961E-01,1.412791E+04,5.613961E-01,2.795797E+03,6.960945E+03,1.276804E+00,5.553464E+04,5.613961E-01,0.000000E+00,0.000000E+00
08:50:00,2.526282E+00,5.420961E+04,2.526282E+00,2.194709E+04,1.734597E+04,2.526282E+00,6.258684E+04,2.526282E+00,1.356985E+04,3.233801E+04,4.799940E+00,2.284487E+05,2.526282E+00,0.000000E+00,0.000000E+00,2.806980E-01,6.023290E+03,1.162651E+00,1.218747E+04,1.171714E+04,2.806980E-01,6.954094E+03,1.067969E+00,1.020890E+04,1.294564E+04,8.049762E-01,3.123852E+04,2.806980E-01,0.000000E+00,0.000000E+00,5.613961E-01,1.204658E+04,5.613961E-01,4.877131E+03,3.854661E+03,5.613961E-01,1.390819E+04,5.613961E-01,3.015523E+03,7.186225E+03,1.276837E+00,5.529569E+04,5.613961E-01,0.000000E+00,0.000000E+00
09:00:00,2.526282E+00,5.322084E+04,2.526282E+00,2.293586E+04,1.835271E+04,2.526282E+00,6.159807E+04,2.526282E+00,1.455862E+04,3.335178E+04,4.803074E+00,2.277535E+05,2.526282E+00,0.000000E+00,0.000000E+00,2.806980E-01,5.913426E+03,1.250096E+00,1.326383E+04,1.283487E+04,2.806980E-01,6.844231E+03,1.160422E+00,1.134078E+04,1.403545E+04,8.059783E-01,3.108415E+04,2.806980E-01,0.000000E+00,0.000000E+00,5.613961E-01,1.182685E+04,5.613961E-01,5.096857E+03,4.078381E+03,5.613961E-01,1.368846E+04,5.613961E-01,3.235249E+03,7.411507E+03,1.276255E+00,5.504367E+04,5.613961E-01,0.000000E+00,0.000000E+00
09:10:00,2.526282E+00,5.233615E+04,2.526282E+00,2.382055E+04,1.925353E+04,2.526282E+00,6.071339E+04,2.526282E+00,1.544331E+04,3.425889E+04,4.190745E+00,2.146016E+05,2.526282E+00,0.000000E+00,0.000000E+00,2.806980E-01,5.815128E+03,1.316010E+00,1.409071E+04,1.369802E+04,2.806980E-01,6.745932E+03,1.229935E+00,1.220736E+04,1.486108E+04,7.351319E-01,2.953207E+04,2.806980E-01,0.000000E+00,0.000000E+00,5.613961E-01,1.163026E+04,5.613961E-01,5.293455E+03,4.278562E+03,5.613961E-01,1.349186E+04,5.613961E-01,3.431846E+03,7.613086E+03,1.143159E+00,5.216084E+04,5.613961E-01,0.000000E+00,0.000000E+00
09:20:00,2.526282E+00,5.145146E+04,2.526282E+00,2.470523E+04,2.015431E+04,2.526282E+00,5.982870E+04,2.526282E+00,1.632800E+04,3.516595E+04,4.276210E+00,2.164054E+05,2.526282E+00,0.000000E+00,0.000000E+00,2.806980E-01,5.716829E+03,1.378437E+00,1.487904E+04,1.451704E+04,2.806980E-01,6.647633E+03,1.295260E+00,1.302769E+04,1.567956E+04,7.405800E-01,2.964716E+04,2.806980E-01,0.000000E+00,0.000000E+00,5.613961E-01,1.143366E+04,5.613961E-01,5.490052E+03,4.478735E+03,5.613961E-01,1.329527E+04,5.613961E-01,3.628443E+03,7.814656E+03,1.166774E+00,5.265933E+04,5.613961E-01,0.000000E+00,0.000000E+00
09:30:00,2.526282E+00,5.056678E+04,2.526282E+00,2.558992E+04,2.105510E+04,2.526282E+00,5.894401E+04,2.526282E+00,1.721268E+04,3.607302E+04,3.935946E+00,2.092248E+05,2.526282E+00,0.000000E+00,0.000000E+00,2.806980E-01,5.618531E+03,1.438068E+00,1.563645E+04,1.529792E+04,2.806980E-01,6.549335E+03,1.357517E+00,1.381416E+04,1.647114E+04,7.029504E-01,2.885305E+04,2.806980E-01,0.000000E+00,0.000000E+00,5.613961E-01,1.123706E+04,5.613961E-01,5.686649E+03,4.678910E+03,5.613961E-01,1.309867E+04,5.613961E-01,3.825041E+03,8.016228E+03,1.097618E+00,5.119991E+04,5.613961E-01,0.000000E+00,0.000000E+00
09:40:00,2.526282E+00,4.968209E+04,2.526282E+00,2.647461E+04,2.195589E+04,2.526282E+00,5.805933E+04,2.526282E+00,1.809737E+04,3.698015E+04,3.712037E+00,2.044994E+05,2.526282E+00,0.000000E+00,0.000000E+00,2.806980E-01,5.520232E+03,1.495542E+00,1.637001E+04,1.605086E+04,2.806980E-01,6.451036E+03,1.417399E+00,1.457436E+04,1.724105E+04,6.770678E-01,2.830680E+04,2.806980E-01,0.000000E+00,0.000000E+00,5.613961E-01,1.104046E+04,5.613961E-01,5.883246E+03,4.879087E+03,5.613961E-01,1.290207E+04,5.613961E-01,4.021638E+03,8.217810E+03,1.052326E+00,5.024405E+04,5.613961E-01,0.000000E+00,0.000000E+00
09:50:00,2.526282E+00,4.879740E+04,2.526282E+00,2.735929E+04,2.285673E+04,2.526282E+00,5.717464E+04,2.526282E+00,1.898206E+04,3.788723E+04,3.496478E+00,1.999503E+05,2.526282E+00,0.000000E+00,0.000000E+00,2.806980E-01,5.421934E+03,1.551287E+00,1.708444E+04,1.677946E+04,2.806980E-01,6.352738E+03,1.475512E+00,1.531507E+04,1.799837E+04,6.524904E-01,2.778811E+04,2.806980E-01,0.000000E+00,0.000000E+00,5.613961E-01,1.084387E+04,5.613961E-01,6.079843E+03,5.079274E+03,5.613961E-01,1.270548E+04,5.613961E-01,4.218235E+03,8.419385E+03,1.008319E+00,4.931532E+04,5.613961E-01,0.000000E+00,0.000000E+00
10:00:00,2.526282E+00,4.791272E+04,2.526282E+00,2.824398E+04,2.375754E+04,2.526282E+00,5.628995E+04,2.526282E+00,1.986674E+04,3.879433E+04,3.287722E+00,1.955449E+05,2.526282E+00,0.000000E+00,0.000000E+00,2.806980E-01,5.323635E+03,1.605431E+00,1.778117E+04,1.748599E+04,2.806980E-01,6.254439E+03,1.531985E+00,1.603765E+04,1.874626E+04,6.287167E-01,2.728638E+04,2.806980E-01,0.000000E+00,0.000000E+00,5.613961E-01,1.064727E+04,5.613961E-01,6.276440E+03,5.279454E+03,5.613961E-01,1.250888E+04,5.613961E-01,4.414832E+03,8.620961E+03,9.651645E-01,4.840458E+04,5.613961E-01,0.000000E+00,0.000000E+00
10:10:00,2.526282E+00,4.713211E+04,2.526282E+00,2.902459E+04,2.455238E+04,2.526282E+00,5.550935E+04,2.526282E+00,2.064735E+04,3.959475E+04,3.166049E+00,1.929771E+05,2.526282E+00,0.000000E+00,0.000000E+00,2.806980E-01,5.236901E+03,1.628230E+00,1.811989E+04,1.782921E+04,2.806980E-01,6.167705E+03,1.556097E+00,1.639087E+04,1.911073E+04,6.157200E-01,2.701209E+04,2.806980E-01,0.000000E+00,0.000000E+00,5.613961E-01,1.047380E+04,6.494251E-01,7.421158E+03,6.388571E+03,5.613961E-01,1.233541E+04,5.613961E-01,4.588300E+03,8.798833E+03,9.435145E-01,4.794768E+04,5.613961E-01,0.000000E+00,0.000000E+00
10:20:00,2.526282E+00,4.635150E+04,2.985236E+00,3.487840E+04,3.028967E+04,2.526282E+00,5.472874E+04,2.534210E+00,2.151557E+04,4.050678E+04,3.063551E+00,1.908141E+05,2.526282E+00,0.000000E+00,0.000000E+00,2.806980E-01,5.150167E+03,1.645584E+00,1.839845E+04,1.814420E+04,2.806980E-01,6.080971E+03,1.574692E+00,1.668306E+04,1.944039E+04,6.051032E-01,2.678804E+04,2.806980E-01,0.000000E+00,0.000000E+00,5.613961E-01,1.030033E+04,7.657796E-01,8.882622E+03,7.837053E+03,5.613961E-01,1.216194E+04,6.586811E-01,5.836958E+03,1.029938E+04,9.257337E-01,4.757244E+04,5.613961E-01,0.000000E+00,0.000000E+00
10:30:00,2.526282E+00,4.557090E+04,3.412867E+00,4.038602E+04,3.584215E+04,2.526282E+00,5.394813E+04,2.939881E+00,2.677950E+04,4.683565E+04,2.971100E+00,1.888631E+05,2.526282E+00,0.000000E+00,0.000000E+00,2.806980E-01,5.063433E+03,1.660241E+00,1.864719E+04,1.843166E+04,2.806980E-01,5.994237E+03,1.590572E+00,1.694521E+04,1.974080E+04,5.956296E-01,2.658811E+04,2.806980E-01,0.000000E+00,0.000000E+00,5.613961E-01,1.012687E+04,8.740535E-01,1.025296E+04,9.234932E+03,5.613961E-01,1.198847E+04,7.422531E-01,6.934004E+03,1.154738E+04,9.093386E-01,4.722644E+04,5.613961E-01,0.000000E+00,0.000000E+00
10:40:00,2.526282E+00,4.479029E+04,4.004534E+00,4.770679E+04,4.332252E+04,2.526282E+00,5.316753E+04,3.519441E+00,3.396513E+04,5.513223E+04,2.886373E+00,1.870750E+05,2.526282E+00,0.000000E+00,0.000000E+00,2.806980E-01,4.976699E+03,1.672221E+00,1.886632E+04,1.867409E+04,2.806980E-01,5.907503E+03,1.603779E+00,1.717789E+04,1.999714E+04,5.870014E-01,2.640602E+04,2.806980E-01,0.000000E+00,0.000000E+00,5.613961E-01,9.953398E+03,9.962292E-01,1.177693E+04,1.080983E+04,5.613961E-01,1.181501E+04,8.735013E-01,8.557980E+03,1.336136E+04,8.939983E-01,4.690270E+04,5.613961E-01,0.000000E+00,0.000000E+00
10:50:00,2.526282E+00,4.400969E+04,4.539216E+00,5.439762E+04,5.025488E+04,2.526282E+00,5.238692E+04,4.073077E+00,4.086411E+04,6.273899E+04,2.807363E+00,1.854077E+05,2.526282E+00,0.000000E+00,0.000000E+00,2.806980E-01,4.889965E+03,1.681742E+00,1.905825E+04,1.887553E+04,2.806980E-01,5.820769E+03,1.614465E+00,1.738269E+04,2.021266E+04,5.789647E-01,2.623641E+04,2.806980E-01,0.000000E+00,0.000000E+00,5.613961E-01,9.779930E+03,1.110750E+00,1.321628E+04,1.230960E+04,5.613961E-01,1.164154E+04,9.905073E-01,1.002451E+04,1.494273E+04,8.793932E-01,4.659448E+04,5.613961E-01,0.000000E+00,0.000000E+00
11:00:00,2.526282E+00,4.322908E+04,5.063786E+00,6.097658E+04,5.709904E+04,2.526282E+00,5.160632E+04,4.606846E+00,4.754353E+04,6.988887E+04,2.732621E+00,1.838304E+05,2.526282E+00,0.000000E+00,0.000000E+00,2.806980E-01,4.803231E+03,1.689120E+00,1.922650E+04,1.904709E+04,2.806980E-01,5.734035E+03,1.622957E+00,1.756326E+04,2.039805E+04,5.713684E-01,2.607609E+04,2.806980E-01,0.000000E+00,0.000000E+00,5.613961E-01,9.606462E+03,1.223485E+00,1.463584E+04,1.378883E+04,5.613961E-01,1.146807E+04,1.105599E+00,1.146991E+04,1.647884E+04,8.653056E-01,4.629717E+04,5.613961E-01,0.000000E+00,0.000000E+00
11:10:00,2.526282E+00,4.270868E+04,5.512539E+00,6.645718E+04,6.282024E+04,2.526282E+00,5.108591E+04,5.071309E+00,5.319691E+04,7.580605E+04,2.691097E+00,1.829541E+05,2.526282E+00,0.000000E+00,0.000000E+00,2.806980E-01,4.745408E+03,1.670871E+00,1.908257E+04,1.889958E+04,2.806980E-01,5.676212E+03,1.605591E+00,1.742910E+04,2.025413E+04,5.674914E-01,2.599426E+04,2.806980E-01,0.000000E+00,0.000000E+00,5.613961E-01,9.490817E+03,1.314742E+00,1.576017E+04,1.496297E+04,5.613961E-01,1.135242E+04,1.200070E+00,1.262961E+04,1.769328E+04,8.589643E-01,4.616334E+04,5.613961E-01,0.000000E+00,0.000000E+00
11:20:00,2.526282E+00,4.218827E+04,5.933920E+00,7.163504E+04,6.820397E+04,2.526282E+00,5.056551E+04,5.508476E+00,5.854907E+04,8.124338E+04,2.656330E+00,1.822204E+05,2.526282E+00,0.000000E+00,0.000000E+00,2.806980E-01,4.687586E+03,1.647955E+00,1.888705E+04,1.870187E+04,2.806980E-01,5.618390E+03,1.583493E+00,1.724267E+04,2.006962E+04,5.643465E-01,2.592789E+04,2.806980E-01,0.000000E+00,0.000000E+00,5.613961E-01,9.375171E+03,1.400229E+00,1.682067E+04,1.606414E+04,5.613961E-01,1.123678E+04,1.288610E+00,1.372385E+04,1.880782E+04,8.538579E-01,4.605557E+04,5.613961E-01,0.000000E+00,0.000000E+00
11:30:00,2.526282E+00,4.166787E+04,6.337182E+00,7.661258E+04,7.335480E+04,2.526282E+00,5.004510E+04,5.926843E+00,6.369368E+04,8.637847E+04,2.625231E+00,1.815641E+05,2.526282E+00,0.000000E+00,0.000000E+00,2.806980E-01,4.629763E+03,1.622052E+00,1.865853E+04,1.847123E+04,2.806980E-01,5.560567E+03,1.558361E+00,1.702271E+04,1.985313E+04,5.615700E-01,2.586929E+04,2.806980E-01,0.000000E+00,0.000000E+00,5.613961E-01,9.259526E+03,1.482827E+00,1.784923E+04,1.712628E+04,5.613961E-01,1.112113E+04,1.374081E+00,1.478422E+04,1.987124E+04,8.492111E-01,4.595750E+04,5.613961E-01,0.000000E+00,0.000000E+00
11:40:00,2.526282E+00,4.114746E+04,6.724342E+00,8.141212E+04,7.830384E+04,2.526282E+00,4.952470E+04,6.328529E+00,6.865404E+04,9.133025E+04,2.597068E+00,1.809697E+05,2.526282E+00,0.000000E+00,0.000000E+00,2.806980E-01,4.571940E+03,1.593703E+00,1.840300E+04,1.821233E+04,2.806980E-01,5.502744E+03,1.530738E+00,1.677522E+04,1.960281E+04,5.590819E-01,2.581678E+04,2.806980E-01,0.000000E+00,0.000000E+00,5.613961E-01,9.143881E+03,1.562931E+00,1.885022E+04,1.815631E+04,5.613961E-01,1.100549E+04,1.456934E+00,1.581566E+04,2.090884E+04,8.449291E-01,4.586713E+04,5.613961E-01,0.000000E+00,0.000000E+00
11:50:00,2.526282E+00,4.062706E+04,7.097597E+00,8.605800E+04,8.308375E+04,2.526282E+00,4.900430E+04,6.715697E+00,7.345398E+04,9.617220E+04,2.571097E+00,1.804217E+05,2.526282E+00,0.000000E+00,0.000000E+00,2.806980E-01,4.514118E+03,1.563372E+00,1.812555E+04,1.793024E+04,2.806980E-01,5.444922E+03,1.501101E+00,1.650548E+04,1.932369E+04,5.568034E-01,2.576869E+04,2.806980E-01,0.000000E+00,0.000000E+00,5.613961E-01,9.028235E+03,1.640928E+00,1.982794E+04,1.916042E+04,5.613961E-01,1.088984E+04,1.537574E+00,1.682263E+04,2.193474E+04,8.409024E-01,4.578215E+04,5.613961E-01,0.000000E+00,0.000000E+00
12:00:00,2.526282E+00,4.010665E+04,7.458747E+00,9.057013E+04,8.771962E+04,2.526282E+00,4.848389E+04,7.090227E+00,7.811424E+04,1.009304E+05,2.546806E+00,1.799091E+05,2.526282E+00,0.000000E+00,0.000000E+00,2.806980E-01,4.456295E+03,1.531484E+00,1.783091E+04,1.763015E+04,2.806980E-01,5.387099E+03,1.469888E+00,1.621833E+04,1.902335E+04,5.546804E-01,2.572388E+04,2.806980E-01,0.000000E+00,0.000000E+00,5.613961E-01,8.912590E+03,1.717101E+00,2.078551E+04,2.014275E+04,5.613961E-01,1.077420E+04,1.616303E+00,1.780849E+04,2.295213E+04,8.370591E-01,4.570104E+04,5.613961E-01,0.000000E+00,0.000000E+00
12:10:00,2.526282E+00,3.969033E+04,7.734917E+00,9.403890E+04,9.128039E+04,2.526282E+00,4.806757E+04,7.375712E+00,8.168625E+04,1.045794E+05,2.526282E+00,1.794759E+05,2.526282E+00,0.000000E+00,0.000000E+00,2.806980E-01,4.410037E+03,1.494846E+00,1.747219E+04,1.726454E+04,2.806980E-01,5.340841E+03,1.433777E+00,1.586546E+04,1.865332E+04,5.526568E-01,2.568118E+04,2.806980E-01,0.000000E+00,0.000000E+00,5.613961E-01,8.820074E+03,1.773314E+00,2.149934E+04,2.087463E+04,5.613961E-01,1.068168E+04,1.674080E+00,1.853963E+04,2.370708E+04,8.334974E-01,4.562588E+04,5.613961E-01,0.000000E+00,0.000000E+00
12:20:00,2.526282E+00,3.927401E+04,7.989907E+00,9.727360E+04,9.468420E+04,2.526282E+00,4.765125E+04,7.639061E+00,8.501368E+04,1.080358E+05,2.526282E+00,1.794759E+05,2.526282E+00,0.000000E+00,0.000000E+00,2.806980E-01,4.363779E+03,1.457022E+00,1.710037E+04,1.690729E+04,2.806980E-01,5.294583E+03,1.396457E+00,1.549925E+04,1.830337E+04,5.508118E-01,2.564224E+04,2.806980E-01,0.000000E+00,0.000000E+00,5.613961E-01,8.727557E+03,1.825489E+00,2.216854E+04,2.158036E+04,5.613961E-01,1.058917E+04,1.727645E+00,1.922425E+04,2.442315E+04,8.302288E-01,4.555690E+04,5.613961E-01,0.000000E+00,0.000000E+00
12:30:00,2.526282E+00,3.885769E+04,8.230790E+00,1.003524E+05,9.795296E+04,2.526282E+00,4.723492E+04,7.887549E+00,8.817680E+04,1.113468E+05,2.526282E+00,1.794759E+05,2.526282E+00,0.000000E+00,0.000000E+00,2.806980E-01,4.317521E+03,1.418857E+00,1.672477E+04,1.654798E+04,2.806980E-01,5.248325E+03,1.358780E+00,1.512908E+04,1.795378E+04,5.490777E-01,2.560564E+04,2.806980E-01,0.000000E+00,0.000000E+00,5.613961E-01,8.635041E+03,1.875498E+00,2.281380E+04,2.226711E+04,5.613961E-01,1.049665E+04,1.778933E+00,1.988369E+04,2.511616E+04,8.270990E-01,4.549085E+04,5.613961E-01,0.000000E+00,0.000000E+00
12:40:00,2.526282E+00,3.844136E+04,8.459701E+00,1.032988E+05,1.010610E+05,2.526282E+00,4.681860E+04,8.123486E+00,9.120108E+04,1.145150E+05,2.526282E+00,1.794759E+05,2.526282E+00,0.000000E+00,0.000000E+00,2.806980E-01,4.271262E+03,1.381063E+00,1.635327E+04,1.618309E+04,2.806980E-01,5.202066E+03,1.321458E+00,1.476282E+04,1.759358E+04,5.474281E-01,2.557083E+04,2.806980E-01,0.000000E+00,0.000000E+00,5.613961E-01,8.542525E+03,1.923680E+00,2.343886E+04,2.292720E+04,5.613961E-01,1.040413E+04,1.828318E+00,2.052207E+04,2.578733E+04,8.240739E-01,4.542700E+04,5.613961E-01,0.000000E+00,0.000000E+00
12:50:00,2.526282E+00,3.802504E+04,8.678470E+00,1.061331E+05,1.040185E+05,2.526282E+00,4.640228E+04,8.348825E+00,9.410811E+04,1.175577E+05,2.526282E+00,1.794759E+05,2.526282E+00,0.000000E+00,0.000000E+00,2.806980E-01,4.225004E+03,1.344383E+00,1.599407E+04,1.582148E+04,2.806980E-01,5.155808E+03,1.285216E+00,1.440850E+04,1.723055E+04,5.458412E-01,2.553733E+04,2.806980E-01,0.000000E+00,0.000000E+00,5.613961E-01,8.450009E+03,1.970583E+00,2.404979E+04,2.356458E+04,5.613961E-01,1.031162E+04,1.876365E+00,2.114564E+04,2.644296E+04,8.211230E-01,4.536472E+04,5.613961E-01,0.000000E+00,0.000000E+00
13:00:00,2.526282E+00,3.760872E+04,8.888526E+00,1.088711E+05,1.068523E+05,2.526282E+00,4.598595E+04,8.565098E+00,9.691486E+04,1.204951E+05,2.526282E+00,1.794759E+05,2.526282E+00,0.000000E+00,0.000000E+00,2.806980E-01,4.178746E+03,1.309066E+00,1.564994E+04,1.547033E+04,2.806980E-01,5.109550E+03,1.250303E+00,1.406886E+04,1.687377E+04,5.443011E-01,2.550482E+04,2.806980E-01,0.000000E+00,0.000000E+00,5.613961E-01,8.357492E+03,2.016973E+00,2.465503E+04,2.419052E+04,5.613961E-01,1.021910E+04,1.923844E+00,2.176291E+04,2.709250E+04,8.182258E-01,4.530358E+04,5.613961E-01,0.000000E+00,0.000000E+00
13:10:00,2.526282E+00,3.734851E+04,9.005670E+00,1.104260E+05,1.084557E+05,2.526282E+00,4.572575E+04,8.686212E+00,9.851368E+04,1.221569E+05,2.526282E+00,1.794759E+05,2.526282E+00,0.000000E+00,0.000000E+00,2.806980E-01,4.149835E+03,1.290709E+00,1.547593E+04,1.529217E+04,2.806980E-01,5.080639E+03,1.232218E+00,1.389787E+04,1.669297E+04,5.437274E-01,2.549271E+04,2.806980E-01,0.000000E+00,0.000000E+00,5.613961E-01,8.299670E+03,2.046745E+00,2.504190E+04,2.458917E+04,5.613961E-01,1.016128E+04,1.954167E+00,2.215587E+04,2.750415E+04,8.172893E-01,4.528381E+04,5.613961E-01,0.000000E+00,0.000000E+00
13:20:00,2.526282E+00,3.708831E+04,9.105466E+00,1.117891E+05,1.098499E+05,2.526282E+00,4.546555E+04,8.789517E+00,9.991567E+04,1.235913E+05,2.526282E+00,1.794759E+05,2.526282E+00,0.000000E+00,0.000000E+00,2.806980E-01,4.120923E+03,1.275333E+00,1.533487E+04,1.514909E+04,2.806980E-01,5.051728E+03,1.217057E+00,1.375919E+04,1.655200E+04,5.432566E-01,2.548277E+04,2.806980E-01,0.000000E+00,0.000000E+00,5.613961E-01,8.241847E+03,2.075112E+00,2.541324E+04,2.496831E+04,5.613961E-01,1.010346E+04,1.982989E+00,2.253224E+04,2.788940E+04,8.165271E-01,4.526772E+04,5.613961E-01,0.000000E+00,0.000000E+00
13:30:00,2.526282E+00,3.682811E+04,9.193892E+00,1.130266E+05,1.111112E+05,2.526282E+00,4.520535E+04,8.881129E+00,1.011884E+05,1.248847E+05,2.526282E+00,1.794759E+05,2.526282E+00,0.000000E+00,0.000000E+00,2.806980E-01,4.092012E+03,1.261469E+00,1.521052E+04,1.502354E+04,2.806980E-01,5.022816E+03,1.203367E+00,1.363678E+04,1.642978E+04,5.428423E-01,2.547402E+04,2.806980E-01,0.000000E+00,0.000000E+00,5.613961E-01,8.184024E+03,2.103598E+00,2.578589E+04,2.534756E+04,5.613961E-01,1.004563E+04,2.011863E+00,2.290919E+04,2.827204E+04,8.158381E-01,4.525317E+04,5.613961E-01,0.000000E+00,0.000000E+00
13:40:00,2.526282E+00,3.656791E+04,9.272614E+00,1.141569E+05,1.122643E+05,2.526282E+00,4.494514E+04,8.962791E+00,1.023512E+05,1.260717E+05,2.526282E+00,1.794759E+05,2.526282E+00,0.000000E+00,0.000000E+00,2.806980E-01,4.063101E+03,1.248421E+00,1.509520E+04,1.490670E+04,2.806980E-01,4.993905E+03,1.190462E+00,1.352304E+04,1.631439E+04,5.424707E-01,2.546617E+04,2.806980E-01,0.000000E+00,0.000000E+00,5.613961E-01,8.126202E+03,2.132597E+00,2.616424E+04,2.573312E+04,5.613961E-01,9.987810E+03,2.041197E+00,2.329122E+04,2.866237E+04,8.152036E-01,4.523978E+04,5.613961E-01,0.000000E+00,0.000000E+00
13:50:00,2.526282E+00,3.630771E+04,9.342964E+00,1.151947E+05,1.133258E+05,2.526282E+00,4.468494E+04,9.035894E+00,1.034194E+05,1.271715E+05,2.526282E+00,1.794759E+05,2.526282E+00,0.000000E+00,0.000000E+00,2.806980E-01,4.034189E+03,1.235451E+00,1.498075E+04,1.479001E+04,2.806980E-01,4.964994E+03,1.177623E+00,1.341004E+04,1.619677E+04,5.421302E-01,2.545899E+04,2.806980E-01,0.000000E+00,0.000000E+00,5.613961E-01,8.068379E+03,2.162130E+00,2.654849E+04,2.612564E+04,5.613961E-01,9.929987E+03,2.071025E+00,2.367871E+04,2.906219E+04,8.146072E-01,4.522719E+04,5.613961E-01,0.000000E+00,0.000000E+00
14:00:00,2.526282E+00,3.604750E+04,9.405906E+00,1.161506E+05,1.143056E+05,2.526282E+00,4.442474E+04,9.101447E+00,1.044042E+05,1.281931E+05,2.526282E+00,1.794759E+05,2.526282E+00,0.000000E+00,0.000000E+00,2.806980E-01,4.005278E+03,1.222259E+00,1.486384E+04,1.467030E+04,2.806980E-01,4.936082E+03,1.164557E+00,1.329454E+04,1.607449E+04,5.418128E-01,2.545228E+04,2.806980E-01,0.000000E+00,0.000000E+00,5.613961E-01,8.010556E+03,2.191794E+00,2.693418E+04,2.652028E+04,5.613961E-01,9.872164E+03,2.100965E+00,2.406744E+04,2.946610E+04,8.140382E-01,4.521518E+04,5.613961E-01,0.000000E+00,0.000000E+00
14:10:00,2.526282E+00,3.604750E+04,9.392841E+00,1.160061E+05,1.141553E+05,2.526282E+00,4.442474E+04,9.090058E+00,1.042783E+05,1.280520E+05,2.526282E+00,1.794759E+05,2.526282E+00,0.000000E+00,0.000000E+00,2.806980E-01,4.005278E+03,1.212058E+00,1.475109E+04,1.455485E+04,2.806980E-01,4.936082E+03,1.154436E+00,1.318268E+04,1.595650E+04,5.416117E-01,2.544804E+04,2.806980E-01,0.000000E+00,0.000000E+00,5.613961E-01,8.010556E+03,2.231236E+00,2.737013E+04,2.696755E+04,5.613961E-01,9.872164E+03,2.140457E+00,2.450393E+04,2.992497E+04,8.137125E-01,4.520830E+04,5.613961E-01,0.000000E+00,0.000000E+00
14:20:00,2.526282E+00,3.604750E+04,9.364527E+00,1.156932E+05,1.138374E+05,2.526282E+00,4.442474E+04,9.063256E+00,1.039821E+05,1.277486E+05,2.526282E+00,1.794759E+05,2.526282E+00,0.000000E+00,0.000000E+00,2.806980E-01,4.005278E+03,1.201659E+00,1.463614E+04,1.443813E+04,2.806980E-01,4.936082E+03,1.144109E+00,1.306853E+04,1.584031E+04,5.414451E-01,2.544452E+04,2.806980E-01,0.000000E+00,0.000000E+00,5.613961E-01,8.010556E+03,2.271034E+00,2.781003E+04,2.741464E+04,5.613961E-01,9.872164E+03,2.180276E+00,2.494401E+04,3.037314E+04,8.134443E-01,4.520264E+04,5.613961E-01,0.000000E+00,0.000000E+00
14:30:00,2.526282E+00,3.604750E+04,9.325871E+00,1.152659E+05,1.134042E+05,2.526282E+00,4.442474E+04,9.025987E+00,1.035703E+05,1.273310E+05,2.526282E+00,1.794759E+05,2.526282E+00,0.000000E+00,0.000000E+00,2.806980E-01,4.005278E+03,1.190736E+00,1.451541E+04,1.431578E+04,2.806980E-01,4.936082E+03,1.133255E+00,1.294857E+04,1.571938E+04,5.412973E-01,2.544140E+04,2.806980E-01,0.000000E+00,0.000000E+00,5.613961E-01,8.010556E+03,2.310114E+00,2.824198E+04,2.785227E+04,5.613961E-01,9.872164E+03,2.219375E+00,2.537615E+04,3.080835E+04,8.132001E-01,4.519749E+04,5.613961E-01,0.000000E+00,0.000000E+00
14:40:00,2.526282E+00,3.604750E+04,9.278202E+00,1.147391E+05,1.128679E+05,2.526282E+00,4.442474E+04,8.979616E+00,1.030578E+05,1.268062E+05,2.526282E+00,1.794759E+05,2.526282E+00,0.000000E+00,0.000000E+00,2.806980E-01,4.005278E+03,1.179205E+00,1.438796E+04,1.418624E+04,2.806980E-01,4.936082E+03,1.121792E+00,1.282188E+04,1.559011E+04,5.411652E-01,2.543861E+04,2.806980E-01,0.000000E+00,0.000000E+00,5.613961E-01,8.010556E+03,2.348185E+00,2.866278E+04,2.827990E+04,5.613961E-01,9.872164E+03,2.257469E+00,2.579718E+04,3.123682E+04,8.129761E-01,4.519276E+04,5.613961E-01,0.000000E+00,0.000000E+00
14:50:00,2.526282E+00,3.604750E+04,9.222583E+00,1.141243E+05,1.122397E+05,2.526282E+00,4.442474E+04,8.925229E+00,1.024567E+05,1.261843E+05,2.526282E+00,1.794759E+05,2.526282E+00,0.000000E+00,0.000000E+00,2.806980E-01,4.005278E+03,1.167019E+00,1.425326E+04,1.404884E+04,2.806980E-01,4.936082E+03,1.109672E+00,1.268793E+04,1.545141E+04,5.410445E-01,2.543607E+04,2.806980E-01,0.000000E+00,0.000000E+00,5.613961E-01,8.010556E+03,2.385027E+00,2.907001E+04,2.869560E+04,5.613961E-01,9.872164E+03,2.294339E+00,2.620468E+04,3.165810E+04,8.127658E-01,4.518832E+04,5.613961E-01,0.000000E+00,0.000000E+00
15:00:00,2.526282E+00,3.604750E+04,9.159796E+00,1.134303E+05,1.115289E+05,2.526282E+00,4.442474E+04,8.863625E+00,1.017758E+05,1.254756E+05,2.526282E+00,1.794759E+05,2.526282E+00,0.000000E+00,0.000000E+00,2.806980E-01,4.005278E+03,1.154149E+00,1.411101E+04,1.390342E+04,2.806980E-01,4.936082E+03,1.096871E+00,1.254644E+04,1.530351E+04,5.409321E-01,2.543370E+04,2.806980E-01,0.000000E+00,0.000000E+00,5.613961E-01,8.010556E+03,2.420499E+00,2.946209E+04,2.909715E+04,5.613961E-01,9.872164E+03,2.329845E+00,2.659711E+04,3.206848E+04,8.125650E-01,4.518408E+04,5.613961E-01,0.000000E+00,0.000000E+00
15:10:00,2.526282E+00,3.635975E+04,9.030868E+00,1.116930E+05,1.097451E+05,2.526282E+00,4.473698E+04,8.735567E+00,1.000482E+05,1.236658E+05,2.526282E+00,1.794759E+05,2.526282E+00,0.000000E+00,0.000000E+00,2.806980E-01,4.039972E+03,1.136018E+00,1.387590E+04,1.366275E+04,2.806980E-01,4.970776E+03,1.078815E+00,1.231219E+04,1.505754E+04,5.408585E-01,2.543214E+04,2.806980E-01,0.000000E+00,0.000000E+00,5.613961E-01,8.079943E+03,2.453974E+00,2.976270E+04,2.940598E+04,5.613961E-01,9.941552E+03,2.363315E+00,2.689765E+04,3.238673E+04,8.124446E-01,4.518154E+04,5.613961E-01,0.000000E+00,0.000000E+00
15:20:00,2.526282E+00,3.667199E+04,8.888131E+00,1.098031E+05,1.078200E+05,2.526282E+00,4.504922E+04,8.593662E+00,9.816763E+04,1.217396E+05,2.526282E+00,1.794759E+05,2.526282E+00,0.000000E+00,0.000000E+00,2.806980E-01,4.074665E+03,1.116528E+00,1.362579E+04,1.340835E+04,2.806980E-01,5.005469E+03,1.059406E+00,1.206298E+04,1.480285E+04,5.407978E-01,2.543086E+04,2.806980E-01,0.000000E+00,0.000000E+00,5.613961E-01,8.149331E+03,2.485701E+00,3.004400E+04,2.969094E+04,5.613961E-01,1.001094E+04,2.395036E+00,2.717886E+04,3.267075E+04,8.123456E-01,4.517945E+04,5.613961E-01,0.000000E+00,0.000000E+00
15:30:00,2.526282E+00,3.698423E+04,8.735765E+00,1.078068E+05,1.057907E+05,2.526282E+00,4.536147E+04,8.442094E+00,9.618020E+04,1.197162E+05,2.526282E+00,1.794759E+05,2.526282E+00,0.000000E+00,0.000000E+00,2.806980E-01,4.109359E+03,1.095998E+00,1.336417E+04,1.314266E+04,2.806980E-01,5.040163E+03,1.038959E+00,1.180230E+04,1.453829E+04,5.407445E-01,2.542974E+04,2.806980E-01,0.000000E+00,0.000000E+00,5.613961E-01,8.218718E+03,2.515672E+00,3.030589E+04,2.995497E+04,5.613961E-01,1.008033E+04,2.425003E+00,2.744069E+04,3.293079E+04,8.122558E-01,4.517756E+04,5.613961E-01,0.000000E+00,0.000000E+00
15:40:00,2.526282E+00,3.729647E+04,8.575033E+00,1.057179E+05,1.036619E+05,2.526282E+00,4.567371E+04,8.282139E+00,9.410007E+04,1.175835E+05,2.526282E+00,1.794759E+05,2.526282E+00,0.000000E+00,0.000000E+00,2.806980E-01,4.144053E+03,1.074518E+00,1.309206E+04,1.286568E+04,2.806980E-01,5.074857E+03,1.017565E+00,1.153116E+04,1.426054E+04,5.406950E-01,2.542869E+04,2.806980E-01,0.000000E+00,0.000000E+00,5.613961E-01,8.288105E+03,2.543892E+00,3.054842E+04,3.020078E+04,5.613961E-01,1.014971E+04,2.453221E+00,2.768318E+04,3.317620E+04,8.121707E-01,4.517576E+04,5.613961E-01,0.000000E+00,0.000000E+00
15:50:00,2.526282E+00,3.760872E+04,8.406984E+00,1.035482E+05,1.014433E+05,2.526282E+00,4.598595E+04,8.114859E+00,9.193898E+04,1.153470E+05,2.526282E+00,1.794759E+05,2.526282E+00,0.000000E+00,0.000000E+00,2.806980E-01,4.178746E+03,1.052166E+00,1.281031E+04,1.257809E+04,2.806980E-01,5.109550E+03,9.953036E-01,1.125042E+04,1.396954E+04,5.406489E-01,2.542772E+04,2.806980E-01,0.000000E+00,0.000000E+00,5.613961E-01,8.357492E+03,2.570365E+00,3.077164E+04,3.042883E+04,5.613961E-01,1.021910E+04,2.479703E+00,2.790649E+04,3.340869E+04,8.120897E-01,4.517405E+04,5.613961E-01,0.000000E+00,0.000000E+00
16:00:00,2.526282E+00,3.792096E+04,8.232456E+00,1.013069E+05,9.914583E+04,2.526282E+00,4.629819E+04,7.941102E+00,8.970629E+04,1.130204E+05,2.526282E+00,1.794759E+05,2.526282E+00,0.000000E+00,0.000000E+00,2.806980E-01,4.213440E+03,1.029006E+00,1.251961E+04,1.228079E+04,2.806980E-01,5.144244E+03,9.722374E-01,1.096080E+04,1.366679E+04,5.406056E-01,2.542680E+04,2.806980E-01,0.000000E+00,0.000000E+00,5.613961E-01,8.426880E+03,2.595098E+00,3.097563E+04,3.063851E+04,5.613961E-01,1.028849E+04,2.504444E+00,2.811056E+04,3.362576E+04,8.120121E-01,4.517241E+04,5.613961E-01,0.000000E+00,0.000000E+00
16:10:00,2.526282E+00,3.833728E+04,8.016451E+00,9.850305E+04,9.626546E+04,2.526282E+00,4.671452E+04,7.725813E+00,8.691048E+04,1.100882E+05,2.526282E+00,1.794759E+05,2.526282E+00,0.000000E+00,0.000000E+00,2.806980E-01,4.259698E+03,1.000794E+00,1.216153E+04,1.191399E+04,2.806980E-01,5.190502E+03,9.441433E-01,1.060403E+04,1.329119E+04,5.402084E-01,2.541842E+04,2.806980E-01,0.000000E+00,0.000000E+00,5.613961E-01,8.519396E+03,2.600373E+00,3.094143E+04,3.060427E+04,5.613961E-01,1.038100E+04,2.509737E+00,2.807654E+04,3.359413E+04,8.112193E-01,4.515568E+04,5.613961E-01,0.000000E+00,0.000000E+00
16:20:00,2.526282E+00,3.875360E+04,7.790559E+00,9.558992E+04,9.334287E+04,2.526282E+00,4.713084E+04,7.500669E+00,8.400576E+04,1.071444E+05,2.526282E+00,1.794759E+05,2.526282E+00,0.000000E+00,0.000000E+00,2.806980E-01,4.305956E+03,9.712874E-01,1.178913E+04,1.154107E+04,2.806980E-01,5.236760E+03,9.147648E-01,1.023307E+04,1.291545E+04,5.397999E-01,2.540980E+04,2.806980E-01,0.000000E+00,0.000000E+00,5.613961E-01,8.611912E+03,2.602182E+00,3.086891E+04,3.054708E+04,5.613961E-01,1.047352E+04,2.511583E+00,2.800444E+04,3.353602E+04,8.104045E-01,4.513849E+04,5.613961E-01,0.000000E+00,0.000000E+00
16:30:00,2.526282E+00,3.916993E+04,7.558071E+00,9.260388E+04,9.036134E+04,2.526282E+00,4.754716E+04,7.268917E+00,8.102800E+04,1.041501E+05,2.526282E+00,1.794759E+05,2.526282E+00,0.000000E+00,0.000000E+00,2.806980E-01,4.352214E+03,9.409541E-01,1.140759E+04,1.116047E+04,2.806980E-01,5.283018E+03,8.845612E-01,9.852997E+03,1.253370E+04,5.393862E-01,2.540107E+04,2.806980E-01,0.000000E+00,0.000000E+00,5.613961E-01,8.704428E+03,2.601891E+00,3.077317E+04,3.046840E+04,5.613961E-01,1.056604E+04,2.511335E+00,2.790920E+04,3.345571E+04,8.095814E-01,4.512112E+04,5.613961E-01,0.000000E+00,0.000000E+00
16:40:00,2.526282E+00,3.958625E+04,7.320251E+00,8.955888E+04,8.729507E+04,2.526282E+00,4.796349E+04,7.031867E+00,7.799166E+04,1.010589E+05,2.526282E+00,1.794759E+05,2.526282E+00,0.000000E+00,0.000000E+00,2.806980E-01,4.398472E+03,9.099544E-01,1.101868E+04,1.076917E+04,2.806980E-01,5.329276E+03,8.536959E-01,9.465602E+03,1.213886E+04,5.389682E-01,2.539225E+04,2.806980E-01,0.000000E+00,0.000000E+00,5.613961E-01,8.796945E+03,2.599755E+00,3.065704E+04,3.036231E+04,5.613961E-01,1.065855E+04,2.509245E+00,2.779359E+04,3.334931E+04,8.087516E-01,4.510360E+04,5.613961E-01,0.000000E+00,0.000000E+00
16:50:00,2.526282E+00,4.000257E+04,7.078316E+00,8.646839E+04,8.415088E+04,2.526282E+00,4.837981E+04,6.790762E+00,7.491049E+04,9.787196E+04,2.526282E+00,1.794759E+05,2.526282E+00,0.000000E+00,0.000000E+00,2.806980E-01,4.444730E+03,8.784258E-01,1.062393E+04,1.036808E+04,2.806980E-01,5.375535E+03,8.223116E-01,9.072471E+03,1.173079E+04,5.385471E-01,2.538336E+04,2.806980E-01,0.000000E+00,0.000000E+00,5.613961E-01,8.889461E+03,2.595998E+00,3.052298E+04,3.023125E+04,5.613961E-01,1.075107E+04,2.505535E+00,2.766005E+04,3.321936E+04,8.079170E-01,4.508599E+04,5.613961E-01,0.000000E+00,0.000000E+00
17:00:00,2.526282E+00,4.041890E+04,6.833339E+00,8.334428E+04,8.094919E+04,2.526282E+00,4.879613E+04,6.546711E+00,7.179675E+04,9.461261E+04,2.526282E+00,1.794759E+05,2.526282E+00,0.000000E+00,0.000000E+00,2.806980E-01,4.490989E+03,8.464911E-01,1.022469E+04,9.959758E+03,2.806980E-01,5.421793E+03,7.905355E-01,8.675008E+03,1.131269E+04,5.381237E-01,2.537442E+04,2.806980E-01,0.000000E+00,0.000000E+00,5.613961E-01,8.981977E+03,2.590813E+00,3.037314E+04,3.008049E+04,5.613961E-01,1.084359E+04,2.500410E+00,2.751088E+04,3.307059E+04,8.070790E-01,4.506830E+04,5.613961E-01,0.000000E+00,0.000000E+00
17:10:00,2.526282E+00,4.093930E+04,6.572507E+00,7.994082E+04,7.744545E+04,2.526282E+00,4.931654E+04,6.286880E+00,6.840451E+04,9.103336E+04,2.526282E+00,1.794759E+05,2.526282E+00,0.000000E+00,0.000000E+00,2.806980E-01,4.548811E+03,8.128530E-01,9.795051E+03,9.518745E+03,2.806980E-01,5.479615E+03,7.570785E-01,8.247401E+03,1.085910E+04,5.384245E-01,2.538076E+04,2.806980E-01,0.000000E+00,0.000000E+00,5.613961E-01,9.097623E+03,2.560889E+00,2.992672E+04,2.962351E+04,5.613961E-01,1.095923E+04,2.470599E+00,2.706573E+04,3.260814E+04,8.076990E-01,4.508138E+04,5.613961E-01,0.000000E+00,0.000000E+00
17:20:00,2.526282E+00,4.145971E+04,6.309832E+00,7.651701E+04,7.390112E+04,2.526282E+00,4.983694E+04,6.025254E+00,6.499245E+04,8.744666E+04,2.526282E+00,1.794759E+05,2.526282E+00,0.000000E+00,0.000000E+00,2.806980E-01,4.606634E+03,7.790269E-01,9.363340E+03,9.072841E+03,2.806980E-01,5.537438E+03,7.234444E-01,7.817841E+03,1.040703E+04,5.387525E-01,2.538768E+04,2.806980E-01,0.000000E+00,0.000000E+00,5.613961E-01,9.213268E+03,2.527414E+00,2.944106E+04,2.911283E+04,5.613961E-01,1.107488E+04,2.437241E+00,2.658140E+04,3.209926E+04,8.083695E-01,4.509553E+04,5.613961E-01,0.000000E+00,0.000000E+00
17:30:00,2.526282E+00,4.198011E+04,6.046695E+00,7.308812E+04,7.034756E+04,2.526282E+00,5.035735E+04,5.763197E+00,6.157565E+04,8.385786E+04,2.526282E+00,1.794759E+05,2.526282E+00,0.000000E+00,0.000000E+00,2.806980E-01,4.664457E+03,7.451215E-01,8.930753E+03,8.625624E+03,2.806980E-01,5.595261E+03,6.897403E-01,7.387507E+03,9.955016E+03,5.390941E-01,2.539489E+04,2.806980E-01,0.000000E+00,0.000000E+00,5.613961E-01,9.328913E+03,2.492281E+00,2.893707E+04,2.858208E+04,5.613961E-01,1.119052E+04,2.402220E+00,2.607869E+04,3.157173E+04,8.090598E-01,4.511010E+04,5.613961E-01,0.000000E+00,0.000000E+00
17:40:00,2.526282E+00,4.250051E+04,5.785051E+00,6.967574E+04,6.681371E+04,2.526282E+00,5.087775E+04,5.502584E+00,5.817482E+04,8.027268E+04,2.526282E+00,1.794759E+05,2.526282E+00,0.000000E+00,0.000000E+00,2.806980E-01,4.722279E+03,7.113405E-01,8.499544E+03,8.180475E+03,2.806980E-01,5.653083E+03,6.561612E-01,6.958557E+03,9.502071E+03,5.394467E-01,2.540233E+04,2.806980E-01,0.000000E+00,0.000000E+00,5.613961E-01,9.444559E+03,2.456090E+00,2.842142E+04,2.804503E+04,5.613961E-01,1.130617E+04,2.366150E+00,2.556440E+04,3.103478E+04,8.097664E-01,4.512501E+04,5.613961E-01,0.000000E+00,0.000000E+00
17:50:00,2.526282E+00,4.302092E+04,5.526308E+00,6.629544E+04,6.331514E+04,2.526282E+00,5.139815E+04,5.244788E+00,5.480512E+04,7.670065E+04,2.526282E+00,1.794759E+05,2.526282E+00,0.000000E+00,0.000000E+00,2.806980E-01,4.780102E+03,6.778374E-01,8.071407E+03,7.739071E+03,2.806980E-01,5.710906E+03,6.228551E-01,6.532625E+03,9.048776E+03,5.398076E-01,2.540995E+04,2.806980E-01,0.000000E+00,0.000000E+00,5.613961E-01,9.560204E+03,2.419298E+00,2.789912E+04,2.750662E+04,5.613961E-01,1.142181E+04,2.329470E+00,2.504338E+04,3.049260E+04,8.104846E-01,4.514016E+04,5.613961E-01,0.000000E+00,0.000000E+00
18:00:00,2.526282E+00,4.354132E+04,5.270238E+00,6.294468E+04,5.984680E+04,2.526282E+00,5.191856E+04,4.989537E+00,5.146355E+04,7.313869E+04,2.526282E+00,1.794759E+05,2.526282E+00,0.000000E+00,0.000000E+00,2.806980E-01,4.837925E+03,6.443689E-01,7.643654E+03,7.298240E+03,2.806980E-01,5.768729E+03,5.895772E-01,6.107003E+03,8.592310E+03,5.401748E-01,2.541770E+04,2.806980E-01,0.000000E+00,0.000000E+00,5.613961E-01,9.675849E+03,2.382243E+00,2.737391E+04,2.696807E+04,5.613961E-01,1.153746E+04,2.292513E+00,2.451928E+04,2.994766E+04,8.112114E-01,4.515550E+04,5.613961E-01,0.000000E+00,0.000000E+00
18:10:00,2.526282E+00,4.432193E+04,5.045487E+00,5.967989E+04,5.647244E+04,2.526282E+00,5.269916E+04,4.765440E+00,4.820611E+04,6.967118E+04,2.526282E+00,1.794759E+05,2.526282E+00,0.000000E+00,0.000000E+00,2.806980E-01,4.924659E+03,6.139152E-01,7.220312E+03,6.862405E+03,2.806980E-01,5.855463E+03,5.593216E-01,5.685874E+03,8.140586E+03,5.409426E-01,2.543390E+04,2.806980E-01,0.000000E+00,0.000000E+00,5.613961E-01,9.849317E+03,2.331022E+00,2.663431E+04,2.621041E+04,5.613961E-01,1.171093E+04,2.241395E+00,2.378085E+04,2.917697E+04,8.127550E-01,4.518808E+04,5.613961E-01,0.000000E+00,0.000000E+00
18:20:00,2.526282E+00,4.510253E+04,4.828017E+00,5.649558E+04,5.314586E+04,2.526282E+00,5.347977E+04,4.548522E+00,4.502801E+04,6.627252E+04,2.526282E+00,1.794759E+05,2.526282E+00,0.000000E+00,0.000000E+00,2.806980E-01,5.011393E+03,5.841279E-01,6.804336E+03,6.429386E+03,2.806980E-01,5.942197E+03,5.297346E-01,5.272134E+03,7.695956E+03,5.417383E-01,2.545070E+04,2.806980E-01,0.000000E+00,0.000000E+00,5.613961E-01,1.002279E+04,2.278133E+00,2.587628E+04,2.540848E+04,5.613961E-01,1.188439E+04,2.188624E+00,2.302416E+04,2.837597E+04,8.143498E-01,4.522174E+04,5.613961E-01,0.000000E+00,0.000000E+00
18:30:00,2.526282E+00,4.588314E+04,4.615839E+00,5.336975E+04,4.987324E+04,2.526282E+00,5.426038E+04,4.336756E+00,4.190685E+04,6.292929E+04,2.526282E+00,1.794759E+05,2.526282E+00,0.000000E+00,0.000000E+00,2.806980E-01,5.098127E+03,5.548091E-01,6.393538E+03,6.000954E+03,2.806980E-01,6.028931E+03,5.005981E-01,4.863373E+03,7.256033E+03,5.425450E-01,2.546773E+04,2.806980E-01,0.000000E+00,0.000000E+00,5.613961E-01,1.019625E+04,2.224466E+00,2.510964E+04,2.459449E+04,5.613961E-01,1.205786E+04,2.135057E+00,2.225868E+04,2.756581E+04,8.159600E-01,4.525572E+04,5.613961E-01,0.000000E+00,0.000000E+00
18:40:00,2.526282E+00,4.666375E+04,4.407323E+00,5.028441E+04,4.665354E+04,2.526282E+00,5.504098E+04,4.128591E+00,3.882549E+04,5.962535E+04,2.526282E+00,1.794759E+05,2.526282E+00,0.000000E+00,0.000000E+00,2.806980E-01,5.184861E+03,5.257716E-01,5.985849E+03,5.577379E+03,2.806980E-01,6.115665E+03,4.717477E-01,4.457773E+03,6.818109E+03,5.433610E-01,2.548495E+04,2.806980E-01,0.000000E+00,0.000000E+00,5.613961E-01,1.036972E+04,2.169835E+00,2.433236E+04,2.377985E+04,5.613961E-01,1.223133E+04,2.080509E+00,2.148235E+04,2.674920E+04,8.175837E-01,4.528999E+04,5.613961E-01,0.000000E+00,0.000000E+00
18:50:00,2.526282E+00,4.744435E+04,4.201083E+00,4.722422E+04,4.347308E+04,2.526282E+00,5.582159E+04,3.922674E+00,3.576898E+04,5.634267E+04,2.526282E+00,1.794759E+05,2.526282E+00,0.000000E+00,0.000000E+00,2.806980E-01,5.271595E+03,4.968630E-01,5.579585E+03,5.157162E+03,2.806980E-01,6.202399E+03,4.430362E-01,4.053708E+03,6.379849E+03,5.441845E-01,2.550234E+04,2.806980E-01,0.000000E+00,0.000000E+00,5.613961E-01,1.054319E+04,2.114089E+00,2.354274E+04,2.296324E+04,5.613961E-01,1.240480E+04,2.024842E+00,2.069365E+04,2.592368E+04,8.192181E-01,4.532449E+04,5.613961E-01,0.000000E+00,0.000000E+00
19:00:00,2.526282E+00,4.822496E+04,3.997145E+00,4.418948E+04,4.032837E+04,2.526282E+00,5.660220E+04,3.719060E+00,3.273791E+04,5.308007E+04,2.526282E+00,1.794759E+05,2.526282E+00,0.000000E+00,0.000000E+00,2.806980E-01,5.358329E+03,4.682997E-01,5.177137E+03,4.742196E+03,2.806980E-01,6.289133E+03,4.146823E-01,3.653594E+03,5.943803E+03,5.450138E-01,2.551985E+04,2.806980E-01,0.000000E+00,0.000000E+00,5.613961E-01,1.071666E+04,2.056938E+00,2.273761E+04,2.213701E+04,5.613961E-01,1.257827E+04,1.967780E+00,1.988953E+04,2.508370E+04,8.208604E-01,4.535915E+04,5.613961E-01,0.000000E+00,0.000000E+00
19:10:00,2.526282E+00,4.879740E+04,3.775609E+00,4.116838E+04,3.719892E+04,2.526282E+00,5.717464E+04,3.497908E+00,2.972117E+04,4.980662E+04,2.526282E+00,1.794759E+05,2.526282E+00,0.000000E+00,0.000000E+00,2.806980E-01,5.421934E+03,4.378218E-01,4.776655E+03,4.329705E+03,2.806980E-01,6.352738E+03,3.844634E-01,3.255994E+03,5.505966E+03,5.508291E-01,2.564258E+04,2.806980E-01,0.000000E+00,0.000000E+00,5.613961E-01,1.084387E+04,1.970401E+00,2.165391E+04,2.102783E+04,5.613961E-01,1.270548E+04,1.881373E+00,1.880734E+04,2.394630E+04,8.328096E-01,4.561133E+04,5.613961E-01,0.000000E+00,0.000000E+00
19:20:00,2.526282E+00,4.936985E+04,3.553580E+00,3.814181E+04,3.405038E+04,2.526282E+00,5.774708E+04,3.276539E+00,2.670202E+04,4.652337E+04,2.526282E+00,1.794759E+05,2.526282E+00,0.000000E+00,0.000000E+00,2.806980E-01,5.485539E+03,4.073423E-01,4.376153E+03,3.915400E+03,2.806980E-01,6.416343E+03,3.543187E-01,2.859215E+03,5.067856E+03,5.573673E-01,2.578057E+04,2.806980E-01,0.000000E+00,0.000000E+00,5.613961E-01,1.097108E+04,1.879722E+00,2.052443E+04,1.985281E+04,5.613961E-01,1.283269E+04,1.790877E+00,1.767996E+04,2.276631E+04,8.460746E-01,4.589128E+04,5.613961E-01,0.000000E+00,0.000000E+00
19:30:00,2.526282E+00,4.994229E+04,3.330666E+00,3.510546E+04,3.089442E+04,2.526282E+00,5.831953E+04,3.054068E+00,2.367067E+04,4.321781E+04,2.582732E+00,1.806672E+05,2.526282E+00,0.000000E+00,0.000000E+00,2.806980E-01,5.549144E+03,3.768300E-01,3.975288E+03,3.501207E+03,2.806980E-01,6.479948E+03,3.241759E-01,2.462454E+03,4.627268E+03,5.642118E-01,2.592503E+04,2.806980E-01,0.000000E+00,0.000000E+00,5.613961E-01,1.109829E+04,1.786614E+00,1.936811E+04,1.864825E+04,5.613961E-01,1.295990E+04,1.697998E+00,1.652623E+04,2.156148E+04,8.597548E-01,4.618000E+04,5.613961E-01,0.000000E+00,0.000000E+00
19:40:00,2.526282E+00,5.051474E+04,3.106352E+00,3.205363E+04,2.773336E+04,2.526282E+00,5.889197E+04,2.829933E+00,2.062092E+04,3.987920E+04,2.643610E+00,1.819519E+05,2.526282E+00,0.000000E+00,0.000000E+00,2.806980E-01,5.612749E+03,3.462417E-01,3.573583E+03,3.087767E+03,2.806980E-01,6.543553E+03,2.939869E-01,2.065180E+03,4.182445E+03,5.713000E-01,2.607463E+04,2.806980E-01,0.000000E+00,0.000000E+00,5.613961E-01,1.122550E+04,1.691222E+00,1.818652E+04,1.742602E+04,5.613961E-01,1.308711E+04,1.602893E+00,1.534789E+04,2.032881E+04,8.737702E-01,4.647579E+04,5.613961E-01,0.000000E+00,0.000000E+00
19:50:00,2.526282E+00,5.108718E+04,2.879603E+00,2.897487E+04,2.455510E+04,2.526282E+00,5.946442E+04,2.603532E+00,1.754610E+04,3.649704E+04,2.706196E+00,1.832727E+05,2.526282E+00,0.000000E+00,0.000000E+00,2.806980E-01,5.676353E+03,3.154833E-01,3.169995E+03,2.673958E+03,2.806980E-01,6.607158E+03,2.806980E-01,1.854698E+03,3.948827E+03,5.785648E-01,2.622796E+04,2.806980E-01,0.000000E+00,0.000000E+00,5.613961E-01,1.135271E+04,1.593534E+00,1.697956E+04,1.618651E+04,5.613961E-01,1.321432E+04,1.505583E+00,1.414518E+04,1.906623E+04,8.880175E-01,4.677647E+04,5.613961E-01,0.000000E+00,0.000000E+00
20:00:00,2.526282E+00,5.165963E+04,2.649099E+00,2.585460E+04,2.134176E+04,2.526282E+00,6.003686E+04,2.526282E+00,1.611983E+04,3.495252E+04,2.770093E+00,1.846212E+05,2.526282E+00,0.000000E+00,0.000000E+00,2.806980E-01,5.739958E+03,2.843311E-01,2.762055E+03,2.256852E+03,2.806980E-01,6.670762E+03,2.806980E-01,1.791093E+03,3.883613E+03,5.859595E-01,2.638403E+04,2.806980E-01,0.000000E+00,0.000000E+00,5.613961E-01,1.147992E+04,1.493021E+00,1.574137E+04,1.492071E+04,5.613961E-01,1.334152E+04,1.405515E+00,1.291197E+04,1.776697E+04,9.024295E-01,4.708064E+04,5.613961E-01,0.000000E+00,0.000000E+00
20:10:00,2.526282E+00,5.212799E+04,2.526282E+00,2.402871E+04,1.946548E+04,2.526282E+00,6.050523E+04,2.526282E+00,1.565147E+04,3.447232E+04,2.806720E+00,1.853941E+05,2.526282E+00,0.000000E+00,0.000000E+00,2.806980E-01,5.791999E+03,2.806980E-01,2.669856E+03,2.162831E+03,2.806980E-01,6.722803E+03,2.806980E-01,1.739052E+03,3.830257E+03,5.901258E-01,2.647197E+04,2.806980E-01,0.000000E+00,0.000000E+00,5.613961E-01,1.158400E+04,1.366788E+00,1.424200E+04,1.339170E+04,5.613961E-01,1.344561E+04,1.279940E+00,1.141997E+04,1.618552E+04,9.103976E-01,4.724881E+04,5.613961E-01,0.000000E+00,0.000000E+00
20:20:00,2.526282E+00,5.259635E+04,2.526282E+00,2.356034E+04,1.898857E+04,2.526282E+00,6.097359E+04,2.526282E+00,1.518311E+04,3.399207E+04,2.841318E+00,1.861243E+05,2.526282E+00,0.000000E+00,0.000000E+00,2.806980E-01,5.844039E+03,2.806980E-01,2.617816E+03,2.109841E+03,2.806980E-01,6.774843E+03,2.806980E-01,1.687012E+03,3.776897E+03,5.939804E-01,2.655333E+04,2.806980E-01,0.000000E+00,0.000000E+00,5.613961E-01,1.168808E+04,1.235264E+00,1.268415E+04,1.180578E+04,5.613961E-01,1.354969E+04,1.149264E+00,9.871591E+03,1.456569E+04,9.178116E-01,4.740528E+04,5.613961E-01,0.000000E+00,0.000000E+00
20:30:00,2.526282E+00,5.306472E+04,2.526282E+00,2.309198E+04,1.851170E+04,2.526282E+00,6.144195E+04,2.526282E+00,1.471474E+04,3.351188E+04,2.875254E+00,1.868404E+05,2.526282E+00,0.000000E+00,0.000000E+00,2.806980E-01,5.896080E+03,2.806980E-01,2.565776E+03,2.056855E+03,2.806980E-01,6.826884E+03,2.806980E-01,1.634971E+03,3.723542E+03,5.977431E-01,2.663274E+04,2.806980E-01,0.000000E+00,0.000000E+00,5.613961E-01,1.179216E+04,1.100368E+00,1.108902E+04,1.018253E+04,5.613961E-01,1.365377E+04,1.015509E+00,8.289167E+03,1.290525E+04,9.251010E-01,4.755913E+04,5.613961E-01,0.000000E+00,0.000000E+00
20:40:00,2.526282E+00,5.353308E+04,2.526282E+00,2.262362E+04,1.803479E+04,2.526282E+00,6.191032E+04,2.526282E+00,1.424638E+04,3.303168E+04,2.908581E+00,1.875438E+05,2.526282E+00,0.000000E+00,0.000000E+00,2.806980E-01,5.948120E+03,2.806980E-01,2.513735E+03,2.003866E+03,2.806980E-01,6.878924E+03,2.806980E-01,1.582931E+03,3.670187E+03,6.014231E-01,2.671041E+04,2.806980E-01,0.000000E+00,0.000000E+00,5.613961E-01,1.189624E+04,9.628239E-01,9.464616E+03,8.528911E+03,5.613961E-01,1.375785E+04,8.795080E-01,6.681908E+03,1.119518E+04,9.322750E-01,4.771053E+04,5.613961E-01,0.000000E+00,0.000000E+00
20:50:00,2.526282E+00,5.400144E+04,2.526282E+00,2.215525E+04,1.755792E+04,2.526282E+00,6.237868E+04,2.526282E+00,1.377802E+04,3.255144E+04,2.941440E+00,1.882372E+05,2.526282E+00,0.000000E+00,0.000000E+00,2.806980E-01,6.000160E+03,2.806980E-01,2.461695E+03,1.950880E+03,2.806980E-01,6.930965E+03,2.806980E-01,1.530891E+03,3.616827E+03,6.050428E-01,2.678680E+04,2.806980E-01,0.000000E+00,0.000000E+00,5.613961E-01,1.200032E+04,8.270931E-01,7.860249E+03,6.894912E+03,5.613961E-01,1.386193E+04,7.451598E-01,5.092903E+03,9.478015E+03,9.393680E-01,4.786023E+04,5.613961E-01,0.000000E+00,0.000000E+00
21:00:00,2.526282E+00,5.446981E+04,2.526282E+00,2.168689E+04,1.708106E+04,2.526282E+00,6.284704E+04,2.526282E+00,1.330965E+04,3.207125E+04,2.973936E+00,1.889230E+05,2.526282E+00,0.000000E+00,0.000000E+00,2.806980E-01,6.052201E+03,2.806980E-01,2.409654E+03,1.897896E+03,2.806980E-01,6.983005E+03,2.806980E-01,1.478850E+03,3.563472E+03,6.086180E-01,2.686226E+04,2.806980E-01,0.000000E+00,0.000000E+00,5.613961E-01,1.210440E+04,6.955041E-01,6.301660E+03,5.306830E+03,5.613961E-01,1.396601E+04,6.148447E-01,3.548465E+03,7.784493E+03,9.464035E-01,4.800871E+04,5.613961E-01,0.000000E+00,0.000000E+00
21:10:00,2.526282E+00,5.493817E+04,2.526282E+00,2.121852E+04,1.660416E+04,2.526282E+00,6.331541E+04,2.526282E+00,1.284129E+04,3.159102E+04,2.526282E+00,1.794759E+05,2.526282E+00,0.000000E+00,0.000000E+00,2.806980E-01,6.104241E+03,2.806980E-01,2.357614E+03,1.844906E+03,2.806980E-01,7.035045E+03,2.806980E-01,1.426810E+03,3.510113E+03,5.190590E-01,2.500614E+04,2.806980E-01,0.000000E+00,0.000000E+00,5.613961E-01,1.220848E+04,5.613961E-01,4.715228E+03,3.689812E+03,5.613961E-01,1.407009E+04,5.613961E-01,2.853620E+03,7.020226E+03,7.897631E-01,4.470298E+04,5.613961E-01,0.000000E+00,0.000000E+00
21:20:00,2.526282E+00,5.540654E+04,2.526282E+00,2.075016E+04,1.612730E+04,2.526282E+00,6.378377E+04,2.526282E+00,1.237292E+04,3.111083E+04,2.526282E+00,1.794759E+05,2.526282E+00,0.000000E+00,0.000000E+00,2.806980E-01,6.156282E+03,2.806980E-01,2.305573E+03,1.791922E+03,2.806980E-01,7.087086E+03,2.806980E-01,1.374769E+03,3.456759E+03,4.540836E-01,2.374111E+04,2.806980E-01,0.000000E+00,0.000000E+00,5.613961E-01,1.231256E+04,5.613961E-01,4.611147E+03,3.583844E+03,5.613961E-01,1.417417E+04,5.613961E-01,2.749539E+03,6.913518E+03,6.732514E-01,4.231581E+04,5.613961E-01,0.000000E+00,0.000000E+00
21:30:00,2.526282E+00,5.587490E+04,2.526282E+00,2.028180E+04,1.565040E+04,2.526282E+00,6.425214E+04,2.526282E+00,1.190456E+04,3.063064E+04,2.526282E+00,1.794759E+05,2.526282E+00,0.000000E+00,0.000000E+00,2.806980E-01,6.208322E+03,2.806980E-01,2.253533E+03,1.738933E+03,2.806980E-01,7.139126E+03,2.806980E-01,1.322729E+03,3.403405E+03,4.122222E-01,2.291053E+04,2.806980E-01,0.000000E+00,0.000000E+00,5.613961E-01,1.241664E+04,5.613961E-01,4.507066E+03,3.477867E+03,5.613961E-01,1.427825E+04,5.613961E-01,2.645458E+03,6.806809E+03,5.997031E-01,4.074177E+04,5.613961E-01,0.000000E+00,0.000000E+00
21:40:00,2.526282E+00,5.634326E+04,2.526282E+00,1.981343E+04,1.517354E+04,2.526282E+00,6.472050E+04,2.526282E+00,1.143620E+04,3.015041E+04,2.526282E+00,1.794759E+05,2.526282E+00,0.000000E+00,0.000000E+00,2.806980E-01,6.260363E+03,2.806980E-01,2.201493E+03,1.685949E+03,2.806980E-01,7.191167E+03,2.806980E-01,1.270689E+03,3.350046E+03,3.769625E-01,2.217912E+04,2.806980E-01,0.000000E+00,0.000000E+00,5.613961E-01,1.252073E+04,5.613961E-01,4.402985E+03,3.371898E+03,5.613961E-01,1.438233E+04,5.613961E-01,2.541377E+03,6.700092E+03,5.613961E-01,3.988354E+04,5.613961E-01,0.000000E+00,0.000000E+00
21:50:00,2.526282E+00,5.681163E+04,2.526282E+00,1.934507E+04,1.469669E+04,2.526282E+00,6.518886E+04,2.526282E+00,1.096783E+04,2.967023E+04,2.526282E+00,1.794759E+05,2.526282E+00,0.000000E+00,0.000000E+00,2.806980E-01,6.312403E+03,2.806980E-01,2.149452E+03,1.632966E+03,2.806980E-01,7.243207E+03,2.806980E-01,1.218648E+03,3.296692E+03,3.448433E-01,2.147557E+04,2.806980E-01,0.000000E+00,0.000000E+00,5.613961E-01,1.262481E+04,5.613961E-01,4.298904E+03,3.265931E+03,5.613961E-01,1.448641E+04,5.613961E-01,2.437296E+03,6.593385E+03,5.613961E-01,3.988354E+04,5.613961E-01,0.000000E+00,0.000000E+00
22:00:00,2.526282E+00,5.727999E+04,2.526282E+00,1.887671E+04,1.421980E+04,2.526282E+00,6.565723E+04,2.526282E+00,1.049947E+04,2.919001E+04,2.526282E+00,1.794759E+05,2.526282E+00,0.000000E+00,0.000000E+00,2.806980E-01,6.364443E+03,2.806980E-01,2.097412E+03,1.579978E+03,2.806980E-01,7.295247E+03,2.806980E-01,1.166608E+03,3.243334E+03,3.160658E-01,2.081116E+04,2.806980E-01,0.000000E+00,0.000000E+00,5.613961E-01,1.272889E+04,5.613961E-01,4.194824E+03,3.159955E+03,5.613961E-01,1.459049E+04,5.613961E-01,2.333216E+03,6.486669E+03,5.613961E-01,3.988354E+04,5.613961E-01,0.000000E+00,0.000000E+00
22:10:00,2.526282E+00,5.764427E+04,2.526282E+00,1.851242E+04,1.384892E+04,2.526282E+00,6.602151E+04,2.526282E+00,1.013519E+04,2.881654E+04,2.526282E+00,1.794759E+05,2.526282E+00,0.000000E+00,0.000000E+00,2.806980E-01,6.404919E+03,2.806980E-01,2.056936E+03,1.538769E+03,2.806980E-01,7.335723E+03,2.806980E-01,1.126132E+03,3.201838E+03,3.892203E-01,2.266663E+04,2.806980E-01,0.000000E+00,0.000000E+00,5.613961E-01,1.280984E+04,5.613961E-01,4.113872E+03,3.077538E+03,5.613961E-01,1.467145E+04,5.613961E-01,2.252264E+03,6.403676E+03,5.817570E-01,4.039415E+04,5.613961E-01,0.000000E+00,0.000000E+00
22:20:00,2.526282E+00,5.800856E+04,2.526282E+00,1.814814E+04,1.347801E+04,2.526282E+00,6.638579E+04,2.526282E+00,9.770904E+03,2.844307E+04,2.526282E+00,1.794759E+05,2.526282E+00,0.000000E+00,0.000000E+00,2.806980E-01,6.445395E+03,2.806980E-01,2.016460E+03,1.497556E+03,2.806980E-01,7.376199E+03,2.806980E-01,1.085656E+03,3.160341E+03,4.409465E-01,2.396604E+04,2.806980E-01,0.000000E+00,0.000000E+00,5.613961E-01,1.289079E+04,5.613961E-01,4.032920E+03,2.995112E+03,5.613961E-01,1.475240E+04,5.613961E-01,2.171312E+03,6.320683E+03,6.818192E-01,4.290701E+04,5.613961E-01,0.000000E+00,0.000000E+00
22:30:00,2.526282E+00,5.837284E+04,2.526282E+00,1.778386E+04,1.310713E+04,2.526282E+00,6.675008E+04,2.526282E+00,9.406621E+03,2.806956E+04,2.526282E+00,1.794759E+05,2.526282E+00,0.000000E+00,0.000000E+00,2.806980E-01,6.485871E+03,2.806980E-01,1.975984E+03,1.456348E+03,2.806980E-01,7.416675E+03,2.806980E-01,1.045180E+03,3.118841E+03,4.711713E-01,2.472710E+04,2.806980E-01,0.000000E+00,0.000000E+00,5.613961E-01,1.297174E+04,5.613961E-01,3.951968E+03,2.912695E+03,5.613961E-01,1.483335E+04,5.613961E-01,2.090360E+03,6.237681E+03,7.407701E-01,4.438901E+04,5.613961E-01,0.000000E+00,0.000000E+00
22:40:00,2.526282E+00,5.873712E+04,2.526282E+00,1.741958E+04,1.273625E+04,2.526282E+00,6.711436E+04,2.526282E+00,9.042338E+03,2.769610E+04,2.526282E+00,1.794759E+05,2.526282E+00,0.000000E+00,0.000000E+00,2.806980E-01,6.526347E+03,2.806980E-01,1.935508E+03,1.415139E+03,2.806980E-01,7.457151E+03,2.806980E-01,1.004704E+03,3.077344E+03,4.960753E-01,2.535284E+04,2.806980E-01,0.000000E+00,0.000000E+00,5.613961E-01,1.305269E+04,5.613961E-01,3.871017E+03,2.830279E+03,5.613961E-01,1.491430E+04,5.613961E-01,2.009409E+03,6.154689E+03,7.845810E-01,4.549070E+04,5.613961E-01,0.000000E+00,0.000000E+00
22:50:00,2.526282E+00,5.910140E+04,2.526282E+00,1.705529E+04,1.236534E+04,2.526282E+00,6.747864E+04,2.526282E+00,8.678056E+03,2.732259E+04,2.526282E+00,1.794759E+05,2.526282E+00,0.000000E+00,0.000000E+00,2.806980E-01,6.566823E+03,2.806980E-01,1.895032E+03,1.373927E+03,2.806980E-01,7.497627E+03,2.806980E-01,9.642284E+02,3.035844E+03,5.187706E-01,2.592309E+04,2.806980E-01,0.000000E+00,0.000000E+00,5.613961E-01,1.313365E+04,5.613961E-01,3.790065E+03,2.747854E+03,5.613961E-01,1.499525E+04,5.613961E-01,1.928457E+03,6.071687E+03,8.227382E-01,4.644940E+04,5.613961E-01,0.000000E+00,0.000000E+00
23:00:00,2.526282E+00,5.946569E+04,2.526282E+00,1.669101E+04,1.199447E+04,2.526282E+00,6.784292E+04,2.526282E+00,8.313773E+03,2.694913E+04,2.526282E+00,1.794759E+05,2.526282E+00,0.000000E+00,0.000000E+00,2.806980E-01,6.607299E+03,2.806980E-01,1.854557E+03,1.332719E+03,2.806980E-01,7.538103E+03,2.806980E-01,9.237525E+02,2.994348E+03,5.388413E-01,2.642737E+04,2.806980E-01,0.000000E+00,0.000000E+00,5.613961E-01,1.321460E+04,5.613961E-01,3.709113E+03,2.665438E+03,5.613961E-01,1.507621E+04,5.613961E-01,1.847505E+03,5.988696E+03,8.575419E-01,4.732382E+04,5.613961E-01,0.000000E+00,0.000000E+00
23:10:00,2.526282E+00,5.982997E+04,2.526282E+00,1.632673E+04,1.162356E+04,2.526282E+00,6.820721E+04,2.526282E+00,7.949490E+03,2.657563E+04,2.550754E+00,1.800908E+05,2.526282E+00,0.000000E+00,0.000000E+00,2.806980E-01,6.647774E+03,2.806980E-01,1.814081E+03,1.291507E+03,2.806980E-01,7.578579E+03,2.806980E-01,8.832766E+02,2.952848E+03,5.519237E-01,2.675607E+04,2.806980E-01,0.000000E+00,0.000000E+00,5.613961E-01,1.329555E+04,5.613961E-01,3.628161E+03,2.583013E+03,5.613961E-01,1.515716E+04,5.613961E-01,1.766553E+03,5.905696E+03,8.783326E-01,4.784619E+04,5.613961E-01,0.000000E+00,0.000000E+00
23:20:00,2.526282E+00,6.019425E+04,2.526282E+00,1.596244E+04,1.125269E+04,2.526282E+00,6.857149E+04,2.526282E+00,7.585207E+03,2.620219E+04,2.651298E+00,1.826167E+05,2.526282E+00,0.000000E+00,0.000000E+00,2.806980E-01,6.688250E+03,2.806980E-01,1.773605E+03,1.250299E+03,2.806980E-01,7.619054E+03,2.806980E-01,8.428008E+02,2.911355E+03,5.626180E-01,2.702476E+04,2.806980E-01,0.000000E+00,0.000000E+00,5.613961E-01,1.337650E+04,5.613961E-01,3.547210E+03,2.500598E+03,5.613961E-01,1.523811E+04,5.613961E-01,1.685602E+03,5.822709E+03,8.950947E-01,4.826733E+04,5.613961E-01,0.000000E+00,0.000000E+00
23:30:00,2.526282E+00,6.055854E+04,2.526282E+00,1.559816E+04,1.088178E+04,2.526282E+00,6.893577E+04,2.526282E+00,7.220924E+03,2.582871E+04,2.743242E+00,1.849267E+05,2.526282E+00,0.000000E+00,0.000000E+00,2.806980E-01,6.728726E+03,2.806980E-01,1.733129E+03,1.209087E+03,2.806980E-01,7.659530E+03,2.806980E-01,8.023249E+02,2.869857E+03,5.721313E-01,2.726377E+04,2.806980E-01,0.000000E+00,0.000000E+00,5.613961E-01,1.345745E+04,5.613961E-01,3.466258E+03,2.418174E+03,5.613961E-01,1.531906E+04,5.613961E-01,1.604650E+03,5.739714E+03,9.104865E-01,4.865403E+04,5.613961E-01,0.000000E+00,0.000000E+00
23:40:00,2.526282E+00,6.092282E+04,2.526282E+00,1.523388E+04,1.051092E+04,2.526282E+00,6.930006E+04,2.526282E+00,6.856641E+03,2.545523E+04,2.827723E+00,1.870492E+05,2.526282E+00,0.000000E+00,0.000000E+00,2.806980E-01,6.769202E+03,2.806980E-01,1.692653E+03,1.167880E+03,2.806980E-01,7.700006E+03,2.806980E-01,7.618490E+02,2.828359E+03,5.807112E-01,2.747933E+04,2.806980E-01,0.000000E+00,0.000000E+00,5.613961E-01,1.353840E+04,5.613961E-01,3.385306E+03,2.335760E+03,5.613961E-01,1.540001E+04,5.613961E-01,1.523698E+03,5.656718E+03,9.247479E-01,4.901233E+04,5.613961E-01,0.000000E+00,0.000000E+00
23:50:00,2.526282E+00,6.128710E+04,2.526282E+00,1.486959E+04,1.014005E+04,2.526282E+00,6.966434E+04,2.526282E+00,6.492358E+03,2.508175E+04,2.906249E+00,1.890220E+05,2.526282E+00,0.000000E+00,0.000000E+00,2.806980E-01,6.809678E+03,2.806980E-01,1.652177E+03,1.126673E+03,2.806980E-01,7.740482E+03,2.806980E-01,7.213732E+02,2.786862E+03,5.886221E-01,2.767808E+04,2.806980E-01,0.000000E+00,0.000000E+00,5.613961E-01,1.361936E+04,5.613961E-01,3.304354E+03,2.253345E+03,5.613961E-01,1.548096E+04,5.613961E-01,1.442746E+03,5.573723E+03,9.381902E-01,4.935005E+04,5.613961E-01,0.000000E+00,0.000000E+00
24:00:00,2.526282E+00,6.165138E+04,2.526282E+00,1.450531E+04,9.769148E+03,2.526282E+00,7.002862E+04,2.526282E+00,6.128076E+03,2.470828E+04,2.980053E+00,1.908762E+05,2.526282E+00,0.000000E+00,0.000000E+00,2.806980E-01,6.850154E+03,2.806980E-01,1.611701E+03,1.085461E+03,2.806980E-01,7.780958E+03,2.806980E-01,6.808973E+02,2.745364E+03,5.960147E-01,2.786381E+04,2.806980E-01,0.000000E+00,0.000000E+00,5.613961E-01,1.370031E+04,5.613961E-01,3.223403E+03,2.170922E+03,5.613961E-01,1.556192E+04,5.613961E-01,1.361795E+03,5.490729E+03,9.510353E-01,4.967276E+04,5.613961E-01,0.000000E+00,0.000000E+00
Coinc Peak   ,4.803074E+00,9.405906E+00,2.277535E+05,1.161506E+05,8.059783E-01,1.689120E+00,3.108415E+04,1.922650E+04,1.276837E+00,2.602182E+00,5.529569E+04,3.086891E+04
NonCoinc Peak,4.803074E+00,9.405906E+00,2.277535E+05,1.161506E+05,8.059783E-01,1.689120E+00,3.108415E+04,1.922650E+04,1.276837E+00,2.602182E+00,5.529569E+04,3.086891E+04
